Time,Month,ClimateRegionName,ClimateRegionIndex,NumSites,Precipitation,AirTemp,PET,avgCWD,avgAET,AvgTotalNPP_C,AvgHeteroRespiration,AvgSoilRespiration,avgNEE,Ndep,StreamN,meanSoilWaterContent,SoilWaterContent,AnaerobicEffect,
5, 7, eco1, 0, 18535, 24, 22, 13, 0, 13, 149.37, 75.41, 73.99, -73.96, 0.3, 0.24, 0.21, 3.27, 1, 
5, 7, eco2, 1, 37697, 21.2, 24.1, 14.3, 1, 13.4, 115.65, 44.46, 45.52, -71.19, 0.3, 0.09, 0.16, 2.73, 1, 
5, 7, eco3, 2, 46903, 16.3, 24.3, 14.5, 4.1, 10.4, 72.36, 22.5, 24.74, -49.86, 0.29, 0.06, 0.15, 2.81, 1, 
5, 7, eco4, 3, 42605, 17.8, 24.4, 14.6, 3.2, 11.4, 87.56, 28.32, 30.54, -59.24, 0.29, 0.05, 0.15, 2.65, 1, 
5, 7, eco5, 4, 55597, 15.1, 26.9, 16.8, 7.4, 9.5, 43.01, 12.46, 13.54, -30.56, 0.29, 0.04, 0.14, 2.56, 1, 
5, 7, eco6, 5, 18055, 17.6, 23.7, 14.1, 2.7, 11.3, 75.09, 27.18, 29.23, -47.92, 0.29, 0.07, 0.19, 2.49, 1, 
5, 7, eco8, 6, 48574, 17.6, 22.1, 13.1, 1.6, 11.4, 103.88, 39.21, 41.09, -64.66, 0.29, 0.09, 0.17, 2.55, 1, 
5, 7, eco9, 7, 25523, 18.9, 21.6, 12.7, 0.8, 11.9, 124.25, 53.26, 54.41, -70.99, 0.29, 0.14, 0.18, 2.51, 1, 
5, 7, eco10, 8, 47012, 17.6, 25.9, 15.9, 4.8, 11.1, 66.95, 19.97, 21.5, -46.98, 0.29, 0.04, 0.14, 2.61, 1, 
5, 7, eco11, 9, 38983, 17.7, 22.5, 13.3, 1.8, 11.5, 100.07, 36.95, 39.04, -63.12, 0.29, 0.09, 0.18, 2.66, 1, 
5, 8, eco1, 0, 18535, 14.6, 19.7, 10.5, 1.2, 9.4, 90.25, 35.29, 36.8, -54.96, 0.29, 0.06, 0.14, 2.59, 1, 
5, 8, eco2, 1, 37697, 13.7, 21.7, 11.6, 3.2, 8.3, 61.41, 20.26, 21.75, -41.15, 0.28, 0.02, 0.12, 2.65, 1, 
5, 8, eco3, 2, 46903, 9.3, 22.2, 11.9, 6.7, 5.3, 20.85, 7.57, 7.92, -13.29, 0.28, 0, 0.11, 2.79, 1, 
5, 8, eco4, 3, 42605, 11, 22.1, 11.8, 5.4, 6.4, 37.14, 11.23, 12.37, -25.91, 0.28, 0.01, 0.11, 2.64, 1, 
5, 8, eco5, 4, 55597, 9.8, 24.5, 13.5, 7.7, 5.9, 21.25, 6.35, 6.85, -14.9, 0.28, 0.01, 0.11, 2.55, 1, 
5, 8, eco6, 5, 18055, 7, 21.6, 11.6, 8.2, 3.4, 3.52, 4.01, 3.41, 0.49, 0.27, 0, 0.11, 2.45, 1, 
5, 8, eco8, 6, 48574, 9.5, 20, 10.8, 5.1, 5.8, 32.01, 11.12, 11.91, -20.89, 0.28, 0.01, 0.11, 2.52, 1, 
5, 8, eco9, 7, 25523, 11, 19.4, 10.5, 3.6, 6.9, 55.3, 18.81, 20.43, -36.49, 0.28, 0.02, 0.12, 2.41, 1, 
5, 8, eco10, 8, 47012, 11.3, 23.5, 12.7, 6.1, 6.7, 33.46, 9.46, 10.41, -24, 0.28, 0.01, 0.11, 2.61, 1, 
5, 8, eco11, 9, 38983, 8.1, 20.5, 11.1, 6.5, 4.6, 15.39, 7.15, 7.1, -8.24, 0.28, 0, 0.11, 2.6, 1, 
5, 9, eco1, 0, 18535, 16.5, 17, 7.7, 0, 7.7, 81.66, 61.12, 54.64, -20.54, 0.29, 0.1, 0.16, 3.41, 1, 
5, 9, eco2, 1, 37697, 13.8, 19, 8.5, 0.8, 7.7, 64.26, 35, 32.32, -29.26, 0.28, 0.02, 0.12, 2.9, 1, 
5, 9, eco3, 2, 46903, 12.3, 19.1, 8.5, 1.1, 7.4, 65.66, 24.5, 25.18, -41.16, 0.28, 0.02, 0.13, 2.97, 1, 
5, 9, eco4, 3, 42605, 12.1, 19.3, 8.6, 1.6, 7, 59.38, 23.98, 23.9, -35.4, 0.28, 0.01, 0.12, 2.78, 1, 
5, 9, eco5, 4, 55597, 12.4, 21.4, 9.6, 1.9, 7.7, 57.69, 17.62, 18.73, -40.07, 0.28, 0.01, 0.13, 2.66, 1, 
5, 9, eco6, 5, 18055, 11.6, 18.3, 8.2, 1, 7.2, 59.04, 20.85, 22.38, -38.19, 0.28, 0.02, 0.15, 2.6, 1, 
5, 9, eco8, 6, 48574, 14.2, 16.8, 7.7, 0.1, 7.6, 82.77, 49.64, 46.01, -33.13, 0.29, 0.06, 0.15, 3.21, 1, 
5, 9, eco9, 7, 25523, 14.1, 16.5, 7.6, 0.1, 7.5, 81.85, 54.84, 50.23, -27.01, 0.29, 0.07, 0.15, 3, 1, 
5, 9, eco10, 8, 47012, 12.4, 20.6, 9.2, 1.9, 7.3, 52.14, 19.66, 19.42, -32.48, 0.28, 0.01, 0.11, 2.73, 1, 
5, 9, eco11, 9, 38983, 13.4, 17.1, 7.8, 0.1, 7.6, 82.39, 41.69, 40.12, -40.7, 0.28, 0.04, 0.15, 3.15, 1, 
5, 10, eco1, 0, 18535, 15.1, 11.5, 4.3, 0, 4.3, 65.45, 47.79, 42.43, -17.67, 0.29, 0.11, 0.18, 4.32, 1, 
5, 10, eco2, 1, 37697, 14.7, 13.2, 4.6, 0.1, 4.5, 89.83, 42.69, 39.93, -47.14, 0.29, 0.04, 0.15, 4.2, 1, 
5, 10, eco3, 2, 46903, 9.9, 13.1, 4.6, 0.3, 4.3, 65.99, 30.96, 29.29, -35.03, 0.28, 0.01, 0.12, 3.43, 1, 
5, 10, eco4, 3, 42605, 11.6, 13.2, 4.6, 0.1, 4.5, 81.15, 38.13, 35.77, -43.02, 0.28, 0.02, 0.13, 3.6, 1, 
5, 10, eco5, 4, 55597, 7.1, 14.9, 4.9, 1.7, 3.2, 31.41, 10.68, 10.7, -20.73, 0.27, 0, 0.09, 2.69, 1, 
5, 10, eco6, 5, 18055, 9.2, 12.6, 4.5, 0.1, 4.3, 47.12, 26.04, 24.2, -21.08, 0.28, 0.01, 0.14, 2.98, 1, 
5, 10, eco8, 6, 48574, 10.1, 11.3, 4.3, 0.1, 4.2, 60.44, 40.32, 36.24, -20.12, 0.28, 0.03, 0.14, 3.55, 1, 
5, 10, eco9, 7, 25523, 12.9, 11.1, 4.3, 0, 4.3, 64.3, 49.99, 44.38, -14.31, 0.28, 0.08, 0.16, 3.88, 1, 
5, 10, eco10, 8, 47012, 9.2, 14.2, 4.7, 0.7, 3.9, 59.1, 22.07, 21.28, -37.03, 0.28, 0, 0.1, 3.02, 1, 
5, 10, eco11, 9, 38983, 9.3, 11.5, 4.3, 0.1, 4.2, 56, 34.98, 31.78, -21.02, 0.28, 0.01, 0.13, 3.42, 1, 
5, 11, eco1, 0, 18535, 2.6, 5.2, 1.4, 0.2, 1.2, 0, 10.17, 7.53, 10.17, 0.27, 0, 0.07, 2.2, 1, 
5, 11, eco2, 1, 37697, 2.4, 7, 1.6, 0.7, 0.9, 0, 7.88, 5.55, 7.88, 0.27, 0, 0.06, 2.13, 1, 
5, 11, eco3, 2, 46903, 2.2, 6.7, 1.5, 0.7, 0.7, 0, 4.06, 2.9, 4.06, 0.27, 0, 0.06, 2.07, 1, 
5, 11, eco4, 3, 42605, 2.7, 7, 1.6, 0.7, 0.9, 0, 6.7, 4.67, 6.7, 0.27, 0, 0.06, 2.15, 1, 
5, 11, eco5, 4, 55597, 2.6, 8.4, 1.6, 1, 0.6, 0, 2.12, 1.43, 2.12, 0.27, 0, 0.05, 1.91, 1, 
5, 11, eco6, 5, 18055, 1.8, 6, 1.4, 0.7, 0.6, 0, 1.6, 1.19, 1.6, 0.27, 0, 0.06, 1.74, 1, 
5, 11, eco8, 6, 48574, 2.2, 4.8, 1.2, 0.2, 1, 0, 6.63, 4.92, 6.63, 0.27, 0, 0.06, 2.03, 1, 
5, 11, eco9, 7, 25523, 2.4, 4.8, 1.3, 0.1, 1.2, 0, 10.93, 8.34, 10.93, 0.27, 0, 0.07, 2.06, 1, 
5, 11, eco10, 8, 47012, 3, 8, 1.6, 0.7, 0.9, 0, 5.97, 3.88, 5.97, 0.27, 0, 0.06, 2, 1, 
5, 11, eco11, 9, 38983, 1.9, 4.9, 1.2, 0.4, 0.8, 0, 4.19, 3.1, 4.19, 0.27, 0, 0.06, 1.98, 1, 
5, 12, eco1, 0, 18535, 19.6, 5.6, 1.5, 0, 1.5, 0, 33.57, 25, 33.57, 0.29, 0.21, 0.23, 5.81, 0.99, 
5, 12, eco2, 1, 37697, 20.1, 7.1, 1.6, 0, 1.6, 0, 30.5, 21.76, 30.5, 0.29, 0.13, 0.21, 6.05, 0.99, 
5, 12, eco3, 2, 46903, 13.6, 7, 1.6, 0, 1.5, 0, 27.3, 19.68, 27.3, 0.28, 0.07, 0.17, 5.18, 0.99, 
5, 12, eco4, 3, 42605, 18.3, 7.3, 1.6, 0, 1.6, 0, 29.38, 20.99, 29.38, 0.29, 0.12, 0.21, 5.94, 0.99, 
5, 12, eco5, 4, 55597, 15, 8.6, 1.6, 0, 1.6, 0, 22.72, 15.6, 22.72, 0.29, 0.08, 0.19, 5.28, 0.99, 
5, 12, eco6, 5, 18055, 10, 6.6, 1.5, 0, 1.5, 0, 25.24, 18.59, 25.24, 0.28, 0.03, 0.16, 4.01, 1, 
5, 12, eco8, 6, 48574, 12.2, 5.4, 1.4, 0, 1.4, 0, 27.69, 20.58, 27.69, 0.28, 0.01, 0.12, 3.73, 1, 
5, 12, eco9, 7, 25523, 16.3, 5.3, 1.4, 0, 1.4, 0, 34.14, 25.71, 34.14, 0.29, 0.05, 0.14, 4.11, 1, 
5, 12, eco10, 8, 47012, 17.5, 8.2, 1.7, 0, 1.7, 0, 24.31, 16.55, 24.31, 0.29, 0.08, 0.19, 5.77, 0.99, 
5, 12, eco11, 9, 38983, 10.7, 5.7, 1.4, 0, 1.4, 0, 24.93, 18.51, 24.93, 0.28, 0.01, 0.11, 3.61, 1, 
5, 1, eco1, 0, 18535, 19, 3.4, 0.8, 0, 0.8, 0, 29.21, 21.8, 29.21, 0.29, 0.13, 0.17, 4.96, 0.99, 
5, 1, eco2, 1, 37697, 17.8, 4.9, 1, 0, 1, 0, 26.21, 18.75, 26.21, 0.29, 0.08, 0.17, 5.39, 0.99, 
5, 1, eco3, 2, 46903, 12, 4.7, 0.9, 0, 0.9, 0, 23.44, 16.95, 23.44, 0.28, 0.04, 0.14, 4.83, 0.99, 
5, 1, eco4, 3, 42605, 16.1, 5, 1, 0, 1, 0, 25.44, 18.23, 25.44, 0.29, 0.07, 0.17, 5.43, 0.99, 
5, 1, eco5, 4, 55597, 12.3, 6.3, 1, 0, 1, 0, 19.19, 13.23, 19.19, 0.28, 0.05, 0.16, 4.99, 0.99, 
5, 1, eco6, 5, 18055, 9.8, 4.4, 0.9, 0, 0.9, 0, 21.23, 15.69, 21.23, 0.28, 0.01, 0.14, 3.85, 1, 
5, 1, eco8, 6, 48574, 12.6, 3, 0.7, 0, 0.7, 0, 26.35, 19.63, 26.35, 0.28, 0.05, 0.15, 4.5, 0.99, 
5, 1, eco9, 7, 25523, 16, 3, 0.7, 0, 0.7, 0, 31.06, 23.49, 31.06, 0.29, 0.12, 0.17, 4.85, 0.99, 
5, 1, eco10, 8, 47012, 14.9, 5.9, 1, 0, 1, 0, 20.84, 14.26, 20.84, 0.29, 0.05, 0.16, 5.38, 0.99, 
5, 1, eco11, 9, 38983, 11.3, 3.3, 0.7, 0, 0.7, 0, 25.24, 18.75, 25.24, 0.28, 0.03, 0.14, 4.44, 1, 
5, 2, eco1, 0, 18535, 6.9, 3.8, 0.9, 0, 0.9, 0, 29.72, 22.22, 29.72, 0.27, 0.11, 0.15, 4.65, 0.99, 
5, 2, eco2, 1, 37697, 6.8, 5.7, 1.2, 0, 1.2, 0, 26.84, 19.26, 26.84, 0.27, 0.05, 0.14, 4.78, 0.99, 
5, 2, eco3, 2, 46903, 5.8, 5.5, 1.1, 0, 1.1, 0, 24.3, 17.64, 24.3, 0.27, 0.03, 0.13, 4.56, 0.99, 
5, 2, eco4, 3, 42605, 6.8, 5.9, 1.2, 0, 1.2, 0, 26.33, 18.93, 26.33, 0.27, 0.05, 0.15, 4.95, 0.99, 
5, 2, eco5, 4, 55597, 5.6, 7.4, 1.3, 0, 1.3, 0, 20.23, 14.02, 20.23, 0.27, 0.05, 0.15, 4.84, 0.99, 
5, 2, eco6, 5, 18055, 4.5, 5.1, 1.1, 0, 1.1, 0, 21.44, 15.92, 21.44, 0.27, 0.01, 0.13, 3.63, 1, 
5, 2, eco8, 6, 48574, 6.1, 3.6, 0.9, 0, 0.9, 0, 27.09, 20.22, 27.09, 0.27, 0.06, 0.15, 4.66, 0.99, 
5, 2, eco9, 7, 25523, 6.5, 3.5, 0.9, 0, 0.9, 0, 31.68, 23.99, 31.68, 0.27, 0.12, 0.17, 4.82, 0.99, 
5, 2, eco10, 8, 47012, 6.8, 6.9, 1.3, 0, 1.3, 0, 21.31, 14.64, 21.31, 0.27, 0.04, 0.14, 4.9, 0.99, 
5, 2, eco11, 9, 38983, 5.7, 3.9, 0.9, 0, 0.9, 0, 26.09, 19.41, 26.09, 0.27, 0.04, 0.15, 4.61, 1, 
5, 3, eco1, 0, 18535, 16.6, 11.6, 4.7, 0, 4.7, 3.7, 47.33, 35.91, 43.64, 0.29, 0.38, 0.27, 6.05, 0.99, 
5, 3, eco2, 1, 37697, 15.5, 13.3, 5, 0.1, 4.9, 3.21, 43.13, 31.68, 39.92, 0.29, 0.19, 0.21, 5.35, 1, 
5, 3, eco3, 2, 46903, 11.6, 13.3, 4.9, 0, 4.9, 2.39, 38.9, 28.83, 36.51, 0.28, 0.13, 0.18, 4.75, 1, 
5, 3, eco4, 3, 42605, 14.5, 13.6, 5, 0, 5, 3.58, 42.04, 31.04, 38.46, 0.29, 0.17, 0.2, 5.28, 1, 
5, 3, eco5, 4, 55597, 12.3, 15.2, 5.4, 0.1, 5.2, 7.97, 31.72, 23.53, 23.76, 0.28, 0.08, 0.16, 4.14, 1, 
5, 3, eco6, 5, 18055, 9.9, 12.7, 4.8, 0, 4.8, 1.55, 34.98, 26.32, 33.43, 0.28, 0.09, 0.19, 3.86, 1, 
5, 3, eco8, 6, 48574, 11.6, 11.2, 4.5, 0, 4.5, 0.24, 43.84, 32.89, 43.6, 0.28, 0.23, 0.24, 5.56, 1, 
5, 3, eco9, 7, 25523, 14, 11, 4.5, 0, 4.5, 1, 49.86, 37.96, 48.85, 0.29, 0.39, 0.28, 6.08, 1, 
5, 3, eco10, 8, 47012, 14.1, 14.7, 5.3, 0, 5.2, 8.04, 34.85, 25.57, 26.81, 0.29, 0.11, 0.19, 4.98, 1, 
5, 3, eco11, 9, 38983, 10.5, 11.6, 4.6, 0, 4.6, 0.34, 41.61, 31.13, 41.27, 0.28, 0.17, 0.21, 5.13, 1, 
5, 4, eco1, 0, 18535, 13.7, 12.5, 5.5, 0, 5.5, 62.24, 49.5, 43.7, -12.73, 0.28, 0.22, 0.18, 4.22, 1, 
5, 4, eco2, 1, 37697, 12.2, 14.2, 5.9, 0.1, 5.7, 85.83, 42.99, 40.3, -42.83, 0.28, 0.08, 0.14, 3.84, 1, 
5, 4, eco3, 2, 46903, 12, 14, 5.7, 0.1, 5.6, 77.59, 38.38, 36.35, -39.21, 0.28, 0.09, 0.16, 4.1, 1, 
5, 4, eco4, 3, 42605, 10.7, 14.3, 5.8, 0.2, 5.6, 78.24, 38.14, 36.01, -40.1, 0.28, 0.05, 0.14, 3.64, 1, 
5, 4, eco5, 4, 55597, 7.8, 16, 6.2, 1.4, 4.8, 48.07, 16.56, 16.92, -31.51, 0.28, 0.01, 0.11, 2.79, 1, 
5, 4, eco6, 5, 18055, 13.4, 13.6, 5.6, 0, 5.6, 65.94, 37.04, 34.65, -28.91, 0.28, 0.12, 0.2, 3.99, 1, 
5, 4, eco8, 6, 48574, 14.7, 11.9, 5.2, 0, 5.2, 58.13, 45.4, 40.1, -12.73, 0.29, 0.2, 0.21, 4.85, 1, 
5, 4, eco9, 7, 25523, 14.4, 11.9, 5.3, 0, 5.3, 57.92, 52, 45.53, -5.91, 0.29, 0.26, 0.21, 4.53, 1, 
5, 4, eco10, 8, 47012, 8.2, 15.4, 6.1, 1.1, 5, 60.79, 22.62, 22.39, -38.17, 0.28, 0.02, 0.11, 2.99, 1, 
5, 4, eco11, 9, 38983, 13.5, 12.2, 5.3, 0, 5.3, 61.2, 42.86, 38.41, -18.34, 0.28, 0.16, 0.2, 4.66, 1, 
5, 5, eco1, 0, 18535, 14.1, 17.1, 9.2, 0.3, 8.9, 116.29, 44.06, 45.97, -72.23, 0.29, 0.13, 0.15, 2.86, 1, 
5, 5, eco2, 1, 37697, 13.5, 18.7, 9.7, 1.1, 8.6, 101.52, 31.32, 34.08, -70.21, 0.28, 0.04, 0.13, 2.8, 1, 
5, 5, eco3, 2, 46903, 12.6, 19.1, 9.9, 1.4, 8.6, 86.91, 25.48, 28.47, -61.43, 0.28, 0.05, 0.14, 2.94, 1, 
5, 5, eco4, 3, 42605, 13.1, 19, 9.8, 1.3, 8.5, 93.14, 27.26, 30.25, -65.88, 0.28, 0.04, 0.13, 2.79, 1, 
5, 5, eco5, 4, 55597, 13.2, 21, 10.9, 2.3, 8.5, 70.23, 16.69, 19.78, -53.55, 0.28, 0.03, 0.13, 2.65, 1, 
5, 5, eco6, 5, 18055, 11.8, 18.7, 9.8, 1.4, 8.4, 72.16, 22.65, 25.44, -49.51, 0.28, 0.05, 0.17, 2.58, 1, 
5, 5, eco8, 6, 48574, 14.5, 17.2, 9.2, 0.1, 9.1, 121.59, 50.29, 50.94, -71.3, 0.29, 0.13, 0.18, 3.29, 1, 
5, 5, eco9, 7, 25523, 13.4, 16.8, 9.1, 0.3, 8.7, 110.68, 49.45, 49.46, -61.23, 0.28, 0.13, 0.16, 2.85, 1, 
5, 5, eco10, 8, 47012, 13, 20.2, 10.4, 2.3, 8.1, 75.04, 18.41, 21.44, -56.63, 0.28, 0.02, 0.12, 2.7, 1, 
5, 5, eco11, 9, 38983, 13.4, 17.5, 9.4, 0.3, 9, 108.83, 41.68, 43.26, -67.15, 0.28, 0.1, 0.17, 3.11, 1, 
5, 6, eco1, 0, 18535, 9.4, 18.2, 10, 4.6, 5.4, 38, 11.18, 12.59, -26.82, 0.28, 0.01, 0.1, 2.49, 1, 
5, 6, eco2, 1, 37697, 8.5, 20.2, 10.9, 6.6, 4.3, 18.42, 6.53, 6.78, -11.9, 0.28, 0, 0.09, 2.5, 1, 
5, 6, eco3, 2, 46903, 6.2, 20.4, 11, 8.3, 2.7, 5.28, 3.69, 3.3, -1.59, 0.27, 0, 0.09, 2.68, 1, 
5, 6, eco4, 3, 42605, 7.2, 20.5, 11.1, 7.6, 3.5, 10.47, 4.76, 4.62, -5.71, 0.27, 0, 0.08, 2.52, 1, 
5, 6, eco5, 4, 55597, 6.1, 22.6, 12.4, 9.6, 2.8, 3.94, 2.82, 2.41, -1.11, 0.27, 0, 0.08, 2.42, 1, 
5, 6, eco6, 5, 18055, 4.9, 19.8, 10.7, 8.9, 1.8, 1.02, 2.41, 1.92, 1.38, 0.27, 0, 0.09, 2.34, 1, 
5, 6, eco8, 6, 48574, 6.3, 18.2, 10, 6.3, 3.6, 14.52, 6.9, 6.76, -7.62, 0.27, 0, 0.1, 2.47, 1, 
5, 6, eco9, 7, 25523, 7.5, 17.8, 9.8, 5.6, 4.2, 21.76, 9.28, 9.41, -12.49, 0.27, 0.01, 0.1, 2.35, 1, 
5, 6, eco10, 8, 47012, 6.4, 21.8, 11.9, 8.8, 3, 7.18, 3.34, 3.13, -3.84, 0.27, 0, 0.08, 2.39, 1, 
5, 6, eco11, 9, 38983, 5.2, 18.5, 10.1, 7.7, 2.5, 4.75, 4.16, 3.65, -0.58, 0.27, 0, 0.09, 2.5, 1, 
10, 7, eco1, 0, 18535, 14.6, 20.1, 11.8, 2.7, 9.2, 87.38, 26.6, 28.91, -60.78, 0.29, 0.06, 0.14, 2.5, 1, 
10, 7, eco2, 1, 37697, 11, 22.1, 12.9, 6.7, 6.2, 31.07, 10.58, 10.92, -20.49, 0.28, 0.01, 0.1, 2.5, 1, 
10, 7, eco3, 2, 46903, 10.2, 22.2, 13, 7.3, 5.7, 21.89, 8.37, 8.45, -13.52, 0.28, 0.01, 0.11, 2.75, 1, 
10, 7, eco4, 3, 42605, 10.2, 22.3, 13, 7.3, 5.7, 25.93, 9.08, 9.3, -16.86, 0.28, 0.01, 0.1, 2.56, 1, 
10, 7, eco5, 4, 55597, 8.7, 24.4, 14.5, 9.8, 4.7, 10.92, 5.1, 4.73, -5.83, 0.28, 0, 0.1, 2.44, 1, 
10, 7, eco6, 5, 18055, 8.8, 21.7, 12.7, 8, 4.7, 7.52, 5.36, 4.84, -2.16, 0.28, 0, 0.12, 2.44, 1, 
10, 7, eco8, 6, 48574, 12.6, 20, 11.8, 3.8, 8, 59.57, 19.91, 20.88, -39.66, 0.28, 0.04, 0.13, 2.53, 1, 
10, 7, eco9, 7, 25523, 12.7, 19.6, 11.6, 3.6, 8, 67.27, 22.96, 23.96, -44.31, 0.28, 0.05, 0.13, 2.4, 1, 
10, 7, eco10, 8, 47012, 9.5, 23.6, 13.9, 8.8, 5.1, 19.28, 6.64, 6.73, -12.64, 0.28, 0.01, 0.09, 2.46, 1, 
10, 7, eco11, 9, 38983, 11, 20.4, 12, 5.2, 6.8, 36.97, 12.8, 13.39, -24.16, 0.28, 0.02, 0.13, 2.61, 1, 
10, 8, eco1, 0, 18535, 9.8, 19.3, 10.6, 5.2, 5.4, 33.22, 10.75, 11.39, -22.47, 0.28, 0.01, 0.1, 2.48, 1, 
10, 8, eco2, 1, 37697, 9.3, 21.3, 11.6, 6.9, 4.7, 19.99, 8.01, 7.84, -11.97, 0.28, 0, 0.09, 2.49, 1, 
10, 8, eco3, 2, 46903, 8.8, 21.7, 11.8, 7, 4.8, 16.72, 7.17, 6.99, -9.55, 0.28, 0, 0.1, 2.76, 1, 
10, 8, eco4, 3, 42605, 8.8, 21.6, 11.8, 7.2, 4.6, 18.17, 7.33, 7.18, -10.84, 0.28, 0, 0.09, 2.56, 1, 
10, 8, eco5, 4, 55597, 10.1, 23.9, 13.2, 7.2, 6, 24.74, 7.76, 8.15, -16.98, 0.28, 0.01, 0.11, 2.52, 1, 
10, 8, eco6, 5, 18055, 8.9, 21.1, 11.5, 6.3, 5.2, 13.7, 6.74, 6.57, -6.96, 0.28, 0.01, 0.12, 2.47, 1, 
10, 8, eco8, 6, 48574, 10.4, 19.5, 10.7, 4.2, 6.5, 43.52, 15.23, 15.73, -28.3, 0.28, 0.01, 0.12, 2.54, 1, 
10, 8, eco9, 7, 25523, 9.5, 19, 10.5, 5, 5.5, 34.56, 12.92, 13.1, -21.64, 0.28, 0.01, 0.11, 2.38, 1, 
10, 8, eco10, 8, 47012, 9.1, 23, 12.6, 7.7, 4.9, 20.19, 6.88, 6.99, -13.31, 0.28, 0, 0.09, 2.5, 1, 
10, 8, eco11, 9, 38983, 10.5, 19.9, 10.9, 4.2, 6.7, 42.73, 14.27, 15.07, -28.46, 0.28, 0.01, 0.13, 2.64, 1, 
10, 9, eco1, 0, 18535, 14.9, 16, 7.5, 0, 7.5, 86.89, 56.28, 49.44, -30.61, 0.29, 0.08, 0.15, 3.14, 1, 
10, 9, eco2, 1, 37697, 13.7, 17.8, 8.1, 0.7, 7.4, 83.65, 38.8, 36.39, -44.86, 0.28, 0.02, 0.12, 2.93, 1, 
10, 9, eco3, 2, 46903, 10.6, 18.2, 8.3, 2.2, 6.1, 48.84, 17.12, 17.6, -31.72, 0.28, 0.01, 0.11, 2.88, 1, 
10, 9, eco4, 3, 42605, 12.7, 18.2, 8.3, 1, 7.3, 75.48, 30.79, 29.99, -44.69, 0.28, 0.02, 0.12, 2.85, 1, 
10, 9, eco5, 4, 55597, 14.4, 19.9, 8.9, 0.5, 8.5, 83.31, 31.29, 30.9, -52.02, 0.29, 0.04, 0.14, 2.96, 1, 
10, 9, eco6, 5, 18055, 7.4, 17.7, 8.1, 4.4, 3.7, 11.53, 5.89, 5.64, -5.63, 0.27, 0, 0.11, 2.5, 1, 
10, 9, eco8, 6, 48574, 10.4, 16.2, 7.6, 1.3, 6.3, 50.53, 24.55, 22.91, -25.98, 0.28, 0.01, 0.12, 2.63, 1, 
10, 9, eco9, 7, 25523, 12.2, 15.8, 7.5, 0.5, 7, 71.17, 41.02, 37.01, -30.15, 0.28, 0.04, 0.13, 2.67, 1, 
10, 9, eco10, 8, 47012, 13, 19.5, 8.8, 1.3, 7.5, 68.83, 26.25, 25.79, -42.57, 0.28, 0.02, 0.12, 2.8, 1, 
10, 9, eco11, 9, 38983, 8.6, 16.5, 7.7, 2.9, 4.9, 30.73, 13.18, 12.77, -17.55, 0.28, 0, 0.11, 2.68, 1, 
10, 10, eco1, 0, 18535, 0.5, 11.9, 4.9, 4.8, 0.1, 0.09, 1.74, 1.25, 1.65, 0.26, 0, 0.04, 1.32, 1, 
10, 10, eco2, 1, 37697, 0.5, 13.6, 5.2, 5.1, 0.1, 0.22, 1.62, 1.15, 1.4, 0.26, 0, 0.03, 1.23, 1, 
10, 10, eco3, 2, 46903, 0.2, 13.6, 5.2, 5.2, 0, 0.28, 1.4, 1.01, 1.12, 0.26, 0, 0.03, 1.27, 1, 
10, 10, eco4, 3, 42605, 0.4, 13.8, 5.3, 5.2, 0.1, 0.26, 1.54, 1.1, 1.28, 0.26, 0, 0.03, 1.24, 1, 
10, 10, eco5, 4, 55597, 0.4, 15.3, 5.6, 5.5, 0.1, 0.41, 1.22, 0.87, 0.81, 0.26, 0, 0.04, 1.37, 1, 
10, 10, eco6, 5, 18055, 0.1, 13.2, 5.1, 5.1, 0, 0.23, 1.21, 0.9, 0.99, 0.26, 0, 0.04, 1.06, 1, 
10, 10, eco8, 6, 48574, 0.2, 11.8, 4.9, 4.8, 0.1, 0.11, 1.6, 1.15, 1.49, 0.26, 0, 0.04, 1.18, 1, 
10, 10, eco9, 7, 25523, 0.4, 11.6, 4.9, 4.8, 0.1, 0.09, 1.79, 1.3, 1.7, 0.26, 0, 0.04, 1.17, 1, 
10, 10, eco10, 8, 47012, 0.3, 14.9, 5.5, 5.4, 0.1, 0.4, 1.32, 0.94, 0.92, 0.26, 0, 0.03, 1.22, 1, 
10, 10, eco11, 9, 38983, 0.2, 12.1, 4.9, 4.9, 0, 0.15, 1.48, 1.07, 1.33, 0.26, 0, 0.04, 1.22, 1, 
10, 11, eco1, 0, 18535, 20.1, 4.8, 1.4, 0, 1.4, 0, 34.12, 24.19, 34.12, 0.29, 0.05, 0.14, 4.26, 0.99, 
10, 11, eco2, 1, 37697, 18.2, 6.4, 1.6, 0, 1.6, 0, 31.91, 22.1, 31.91, 0.29, 0.12, 0.19, 5.48, 0.99, 
10, 11, eco3, 2, 46903, 11.6, 6.4, 1.6, 0, 1.6, 0, 22.85, 16.09, 22.85, 0.28, 0.01, 0.11, 3.69, 1, 
10, 11, eco4, 3, 42605, 15.7, 6.6, 1.7, 0, 1.7, 0, 30.78, 21.41, 30.78, 0.29, 0.09, 0.17, 5.13, 0.99, 
10, 11, eco5, 4, 55597, 13.4, 7.9, 1.8, 0, 1.7, 0, 23.65, 16.08, 23.65, 0.28, 0.06, 0.16, 4.73, 0.99, 
10, 11, eco6, 5, 18055, 8.2, 5.9, 1.5, 0, 1.5, 0, 11.49, 8.39, 11.49, 0.28, 0, 0.09, 2.59, 1, 
10, 11, eco8, 6, 48574, 11, 4.7, 1.4, 0, 1.4, 0, 23.08, 16.36, 23.08, 0.28, 0, 0.09, 3.02, 1, 
10, 11, eco9, 7, 25523, 15.5, 4.6, 1.4, 0, 1.4, 0, 32.18, 23.02, 32.18, 0.29, 0.02, 0.12, 3.54, 1, 
10, 11, eco10, 8, 47012, 15.1, 7.5, 1.8, 0, 1.8, 0, 25.99, 17.56, 25.99, 0.29, 0.06, 0.16, 4.99, 0.99, 
10, 11, eco11, 9, 38983, 9.2, 4.9, 1.4, 0, 1.4, 0, 17.86, 12.76, 17.86, 0.28, 0, 0.09, 2.84, 1, 
10, 12, eco1, 0, 18535, 9.8, -2.1, 0, 0, 0, 0, 0.73, 0.52, 0.73, 0.28, 0, 0.09, 2.84, 1, 
10, 12, eco2, 1, 37697, 9, -0.8, 0, 0, 0, 0, 0.68, 0.47, 0.68, 0.28, 0, 0.08, 2.91, 1, 
10, 12, eco3, 2, 46903, 6.2, -1, 0, 0, 0, 0, 0.58, 0.41, 0.58, 0.27, 0, 0.07, 2.57, 1, 
10, 12, eco4, 3, 42605, 7.9, -0.5, 0, 0, 0, 0, 0.65, 0.45, 0.65, 0.28, 0, 0.08, 2.92, 1, 
10, 12, eco5, 4, 55597, 5.8, 0.2, 0, 0, 0, 0, 9.74, 6.66, 9.74, 0.27, 0, 0.08, 2.71, 1, 
10, 12, eco6, 5, 18055, 4.7, -1.4, 0, 0, 0, 0, 0.51, 0.37, 0.51, 0.27, 0, 0.06, 1.75, 1, 
10, 12, eco8, 6, 48574, 6.2, -2.6, 0, 0, 0, 0, 0.68, 0.48, 0.68, 0.27, 0, 0.06, 2.03, 1, 
10, 12, eco9, 7, 25523, 8.3, -2.5, 0, 0, 0, 0, 0.77, 0.55, 0.77, 0.28, 0, 0.08, 2.36, 1, 
10, 12, eco10, 8, 47012, 7.4, 0.3, 0, 0, 0, 0, 12.13, 8.18, 12.13, 0.27, 0, 0.08, 2.92, 1, 
10, 12, eco11, 9, 38983, 5.2, -2.4, 0, 0, 0, 0, 0.62, 0.44, 0.62, 0.27, 0, 0.06, 1.94, 1, 
10, 1, eco1, 0, 18535, 15.4, 0.5, 0.1, 0, 0.1, 0, 26.48, 18.81, 26.48, 0.29, 0.07, 0.14, 4.38, 1, 
10, 1, eco2, 1, 37697, 16.1, 2.1, 0.4, 0, 0.4, 0, 24.06, 16.67, 24.06, 0.29, 0.04, 0.13, 4.34, 0.99, 
10, 1, eco3, 2, 46903, 11.6, 1.7, 0.3, 0, 0.3, 0, 19.34, 13.65, 19.34, 0.28, 0.02, 0.12, 4.04, 1, 
10, 1, eco4, 3, 42605, 15, 2.2, 0.4, 0, 0.4, 0, 23.07, 16.05, 23.07, 0.29, 0.04, 0.13, 4.4, 0.99, 
10, 1, eco5, 4, 55597, 12.3, 3.2, 0.4, 0, 0.4, 0, 16.66, 11.38, 16.66, 0.28, 0.02, 0.12, 4.06, 0.99, 
10, 1, eco6, 5, 18055, 9.1, 0.9, 0.1, 0, 0.1, 0, 12.44, 9.11, 12.44, 0.28, 0, 0.1, 2.86, 1, 
10, 1, eco8, 6, 48574, 11, -0.3, 0, 0, 0, 0, 0.78, 0.55, 0.78, 0.28, 0, 0.1, 3.2, 1, 
10, 1, eco9, 7, 25523, 13.5, -0.1, 0, 0, 0, 0, 0.89, 0.64, 0.89, 0.28, 0.02, 0.12, 3.71, 1, 
10, 1, eco10, 8, 47012, 14.3, 3.1, 0.5, 0, 0.5, 0, 18.84, 12.78, 18.84, 0.29, 0.03, 0.13, 4.44, 0.99, 
10, 1, eco11, 9, 38983, 9.9, -0.1, 0, 0, 0, 0, 0.72, 0.51, 0.72, 0.28, 0, 0.1, 3.07, 1, 
10, 2, eco1, 0, 18535, 8.7, 4.4, 1.3, 0, 1.3, 0, 33.51, 23.8, 33.51, 0.28, 0.27, 0.23, 6.2, 0.99, 
10, 2, eco2, 1, 37697, 8.1, 6.1, 1.6, 0, 1.6, 0, 31.06, 21.57, 31.06, 0.28, 0.17, 0.19, 5.9, 0.99, 
10, 2, eco3, 2, 46903, 6.6, 6, 1.5, 0, 1.5, 0, 26.96, 19.01, 26.96, 0.27, 0.14, 0.18, 5.74, 0.99, 
10, 2, eco4, 3, 42605, 7.6, 6.4, 1.7, 0, 1.7, 0, 30.06, 20.97, 30.06, 0.27, 0.16, 0.19, 5.97, 0.99, 
10, 2, eco5, 4, 55597, 6.2, 7.6, 1.7, 0, 1.7, 0, 23.14, 15.81, 23.14, 0.27, 0.12, 0.19, 5.78, 0.99, 
10, 2, eco6, 5, 18055, 6.2, 5.5, 1.5, 0, 1.5, 0, 23.67, 17.19, 23.67, 0.27, 0.1, 0.18, 4.76, 0.99, 
10, 2, eco8, 6, 48574, 6.8, 4, 1.2, 0, 1.2, 0, 31.19, 22.17, 31.19, 0.27, 0.12, 0.18, 5.28, 0.99, 
10, 2, eco9, 7, 25523, 7.9, 4, 1.2, 0, 1.2, 0, 34.89, 25, 34.89, 0.28, 0.22, 0.22, 5.68, 0.99, 
10, 2, eco10, 8, 47012, 7.1, 7.3, 1.8, 0, 1.8, 0, 25.4, 17.25, 25.4, 0.27, 0.12, 0.18, 5.87, 0.99, 
10, 2, eco11, 9, 38983, 6.5, 4.4, 1.3, 0, 1.3, 0, 28.86, 20.58, 28.86, 0.27, 0.1, 0.17, 5.18, 0.99, 
10, 3, eco1, 0, 18535, 14.7, 8.1, 3.3, 0, 3.3, 0.02, 41.68, 29.69, 41.66, 0.29, 0.43, 0.3, 7.34, 0.99, 
10, 3, eco2, 1, 37697, 14.3, 9.8, 3.6, 0, 3.6, 0.01, 39.07, 27.24, 39.07, 0.29, 0.24, 0.22, 5.99, 0.99, 
10, 3, eco3, 2, 46903, 10.9, 9.7, 3.5, 0, 3.5, 0, 33.68, 23.85, 33.67, 0.28, 0.21, 0.2, 5.68, 0.99, 
10, 3, eco4, 3, 42605, 12.8, 9.9, 3.6, 0, 3.5, 0.01, 36.91, 25.86, 36.9, 0.28, 0.21, 0.21, 5.78, 0.99, 
10, 3, eco5, 4, 55597, 11.2, 11.5, 3.8, 0.1, 3.8, 0.21, 28.84, 19.88, 28.63, 0.28, 0.11, 0.18, 4.7, 1, 
10, 3, eco6, 5, 18055, 9.6, 9.2, 3.4, 0, 3.4, 0, 29.5, 21.5, 29.5, 0.28, 0.19, 0.22, 4.9, 1, 
10, 3, eco8, 6, 48574, 10.8, 7.7, 3.1, 0, 3.1, 0, 38.7, 27.59, 38.7, 0.28, 0.27, 0.26, 6.57, 0.99, 
10, 3, eco9, 7, 25523, 12.7, 7.6, 3.1, 0, 3.1, 0, 43.38, 31.15, 43.38, 0.28, 0.41, 0.3, 7.08, 0.99, 
10, 3, eco10, 8, 47012, 12.1, 10.9, 3.7, 0, 3.7, 0.11, 31.35, 21.44, 31.24, 0.28, 0.14, 0.19, 5.32, 1, 
10, 3, eco11, 9, 38983, 9.9, 8.1, 3.2, 0, 3.2, 0, 36.15, 25.85, 36.15, 0.28, 0.23, 0.24, 6.07, 1, 
10, 4, eco1, 0, 18535, 20.2, 9.6, 4.3, 0, 4.3, 37.05, 45.33, 36.19, 8.28, 0.29, 0.37, 0.27, 6.07, 0.99, 
10, 4, eco2, 1, 37697, 19.5, 11.2, 4.6, 0, 4.6, 58.39, 42.41, 35.65, -15.98, 0.29, 0.25, 0.22, 5.8, 1, 
10, 4, eco3, 2, 46903, 16.2, 11.2, 4.5, 0, 4.5, 55.23, 36.79, 31.8, -18.44, 0.29, 0.22, 0.22, 5.65, 1, 
10, 4, eco4, 3, 42605, 18.6, 11.3, 4.5, 0, 4.5, 57.61, 40.05, 34.05, -17.57, 0.29, 0.23, 0.23, 5.86, 1, 
10, 4, eco5, 4, 55597, 16.2, 12.9, 4.8, 0, 4.8, 67.6, 31.53, 28.75, -36.07, 0.29, 0.14, 0.21, 5.15, 1, 
10, 4, eco6, 5, 18055, 12.8, 10.7, 4.4, 0, 4.4, 43.26, 32.05, 27.86, -11.22, 0.28, 0.17, 0.22, 4.49, 1, 
10, 4, eco8, 6, 48574, 16.4, 9.3, 4.1, 0, 4.1, 37.96, 42.38, 34.19, 4.42, 0.29, 0.26, 0.25, 5.77, 1, 
10, 4, eco9, 7, 25523, 18.4, 9.1, 4.1, 0, 4.1, 36.01, 47.12, 37.62, 11.12, 0.29, 0.36, 0.27, 5.87, 0.99, 
10, 4, eco10, 8, 47012, 17.7, 12.3, 4.7, 0, 4.7, 64.66, 34.09, 30.05, -30.58, 0.29, 0.17, 0.21, 5.58, 1, 
10, 4, eco11, 9, 38983, 14.5, 9.7, 4.2, 0, 4.2, 40.82, 39.51, 32.51, -1.31, 0.29, 0.22, 0.23, 5.44, 1, 
10, 5, eco1, 0, 18535, 11.6, 16.7, 9.2, 0.6, 8.6, 100.82, 43.73, 42.47, -57.09, 0.28, 0.11, 0.15, 2.71, 1, 
10, 5, eco2, 1, 37697, 7.7, 18.3, 9.8, 3.9, 5.9, 54.96, 18.18, 18.99, -36.77, 0.27, 0.02, 0.11, 2.6, 1, 
10, 5, eco3, 2, 46903, 7.5, 18.4, 9.9, 3.9, 6, 46.94, 14.99, 15.97, -31.95, 0.27, 0.02, 0.12, 2.84, 1, 
10, 5, eco4, 3, 42605, 8.4, 18.4, 9.8, 3.1, 6.7, 64.97, 20.88, 22.08, -44.1, 0.28, 0.02, 0.12, 2.69, 1, 
10, 5, eco5, 4, 55597, 7, 20.2, 10.7, 5.2, 5.5, 39.96, 9.87, 11.44, -30.1, 0.27, 0.01, 0.11, 2.57, 1, 
10, 5, eco6, 5, 18055, 7.4, 18, 9.7, 4.1, 5.6, 29.6, 10.37, 11.09, -19.23, 0.27, 0.01, 0.13, 2.51, 1, 
10, 5, eco8, 6, 48574, 8.7, 16.5, 9.2, 1.7, 7.4, 62.02, 29.13, 27.57, -32.9, 0.28, 0.05, 0.14, 2.6, 1, 
10, 5, eco9, 7, 25523, 9.7, 16.3, 9.1, 1.2, 7.8, 73.67, 38.27, 35.5, -35.4, 0.28, 0.08, 0.14, 2.52, 1, 
10, 5, eco10, 8, 47012, 7.7, 19.5, 10.3, 4.4, 5.9, 54.8, 14.56, 16.39, -40.24, 0.27, 0.01, 0.11, 2.62, 1, 
10, 5, eco11, 9, 38983, 8.3, 16.8, 9.3, 2.3, 6.9, 52.97, 22.34, 21.91, -30.62, 0.28, 0.03, 0.13, 2.67, 1, 
10, 6, eco1, 0, 18535, 15.8, 18.8, 10.7, 0.9, 9.8, 112.78, 39.47, 40.75, -73.3, 0.29, 0.09, 0.15, 2.62, 1, 
10, 6, eco2, 1, 37697, 13.3, 20.7, 11.6, 3.7, 7.9, 65.98, 20.13, 21.6, -45.86, 0.28, 0.02, 0.12, 2.62, 1, 
10, 6, eco3, 2, 46903, 11.7, 21.1, 11.9, 4.7, 7.2, 46.12, 13.58, 14.89, -32.54, 0.28, 0.02, 0.12, 2.83, 1, 
10, 6, eco4, 3, 42605, 14.5, 20.8, 11.7, 2.5, 9.2, 78.71, 25.2, 26.7, -53.51, 0.29, 0.03, 0.13, 2.7, 1, 
10, 6, eco5, 4, 55597, 9.6, 23.1, 13.2, 7.4, 5.7, 21.88, 6.79, 7.18, -15.09, 0.28, 0.01, 0.11, 2.54, 1, 
10, 6, eco6, 5, 18055, 10.3, 20.7, 11.7, 5.3, 6.5, 27.65, 9.14, 9.95, -18.51, 0.28, 0.02, 0.14, 2.49, 1, 
10, 6, eco8, 6, 48574, 12.9, 19.3, 11.1, 2.6, 8.5, 71.16, 24.54, 25.35, -46.62, 0.28, 0.04, 0.14, 2.55, 1, 
10, 6, eco9, 7, 25523, 13.7, 18.6, 10.7, 1.9, 8.8, 85.55, 31.76, 32.12, -53.8, 0.28, 0.06, 0.14, 2.43, 1, 
10, 6, eco10, 8, 47012, 13.4, 22.1, 12.5, 4.2, 8.3, 57.46, 16.84, 18.25, -40.61, 0.28, 0.02, 0.12, 2.66, 1, 
10, 6, eco11, 9, 38983, 11.2, 19.7, 11.3, 4, 7.3, 48.97, 15.91, 16.87, -33.07, 0.28, 0.02, 0.13, 2.65, 1, 
15, 7, eco1, 0, 18535, 15.6, 20.5, 11.9, 1.7, 10.2, 97.55, 39.46, 38.85, -58.09, 0.29, 0.06, 0.15, 2.55, 1, 
15, 7, eco2, 1, 37697, 14.6, 22.9, 13.3, 4.1, 9.2, 66.59, 23.92, 24.24, -42.67, 0.29, 0.02, 0.13, 2.61, 1, 
15, 7, eco3, 2, 46903, 15.3, 23.1, 13.5, 3.5, 10, 73.59, 24.65, 25.69, -48.94, 0.29, 0.04, 0.15, 2.84, 1, 
15, 7, eco4, 3, 42605, 16.7, 23, 13.5, 2.5, 11, 86.93, 33.84, 33.58, -53.09, 0.29, 0.04, 0.15, 2.69, 1, 
15, 7, eco5, 4, 55597, 13.3, 25.4, 15.4, 6.8, 8.6, 42.48, 13, 13.75, -29.48, 0.28, 0.03, 0.13, 2.58, 1, 
15, 7, eco6, 5, 18055, 14.2, 22.8, 13.4, 4, 9.4, 60.46, 18.5, 20.37, -41.96, 0.29, 0.05, 0.17, 2.49, 1, 
15, 7, eco8, 6, 48574, 14.2, 20.9, 12.2, 2.6, 9.6, 80.4, 30.79, 30.75, -49.61, 0.29, 0.04, 0.15, 2.54, 1, 
15, 7, eco9, 7, 25523, 15.5, 20.4, 11.9, 1.7, 10.2, 100, 42.39, 41.13, -57.62, 0.29, 0.07, 0.16, 2.47, 1, 
15, 7, eco10, 8, 47012, 17.4, 24.4, 14.5, 3.1, 11.4, 75.84, 28.68, 28.51, -47.16, 0.29, 0.04, 0.14, 2.67, 1, 
15, 7, eco11, 9, 38983, 14.6, 21.4, 12.5, 2.7, 9.8, 80.58, 28.7, 29.42, -51.88, 0.29, 0.05, 0.16, 2.65, 1, 
15, 8, eco1, 0, 18535, 9.6, 19.3, 10.4, 5.1, 5.3, 31.83, 11.25, 11.49, -20.58, 0.28, 0, 0.1, 2.49, 1, 
15, 8, eco2, 1, 37697, 11.6, 21.6, 11.6, 4.9, 6.7, 39.76, 15.41, 15.25, -24.35, 0.28, 0.01, 0.11, 2.59, 1, 
15, 8, eco3, 2, 46903, 9, 21.9, 11.8, 6.8, 5, 18.16, 7.97, 7.67, -10.2, 0.28, 0, 0.1, 2.79, 1, 
15, 8, eco4, 3, 42605, 10.8, 21.7, 11.6, 5.3, 6.3, 34.87, 12.89, 12.97, -21.98, 0.28, 0.01, 0.11, 2.64, 1, 
15, 8, eco5, 4, 55597, 11.5, 23.9, 13.1, 5.9, 7.2, 36.39, 11.16, 11.83, -25.24, 0.28, 0.01, 0.12, 2.59, 1, 
15, 8, eco6, 5, 18055, 7.8, 21.7, 11.7, 7.5, 4.2, 6.58, 5.17, 4.49, -1.4, 0.28, 0, 0.12, 2.46, 1, 
15, 8, eco8, 6, 48574, 9.1, 19.7, 10.6, 5.2, 5.4, 27.5, 11.36, 11.09, -16.13, 0.28, 0, 0.11, 2.52, 1, 
15, 8, eco9, 7, 25523, 9.2, 19.1, 10.3, 5, 5.3, 31.96, 12.82, 12.61, -19.14, 0.28, 0.01, 0.11, 2.39, 1, 
15, 8, eco10, 8, 47012, 10.9, 22.9, 12.3, 6, 6.4, 31.87, 11.35, 11.5, -20.52, 0.28, 0, 0.1, 2.62, 1, 
15, 8, eco11, 9, 38983, 8.4, 20.2, 10.9, 6, 4.9, 18.44, 8.6, 8.17, -9.85, 0.28, 0, 0.11, 2.61, 1, 
15, 9, eco1, 0, 18535, 13.7, 16.8, 7.7, 0.2, 7.5, 71.65, 48.52, 41.67, -23.13, 0.28, 0.04, 0.13, 2.87, 1, 
15, 9, eco2, 1, 37697, 14.9, 18.9, 8.4, 0.4, 8.1, 71.25, 50.71, 42.82, -20.55, 0.29, 0.03, 0.13, 3.04, 1, 
15, 9, eco3, 2, 46903, 15.1, 19.3, 8.7, 0.2, 8.6, 82.51, 47.16, 41.93, -35.35, 0.29, 0.04, 0.15, 3.34, 1, 
15, 9, eco4, 3, 42605, 12.9, 19.2, 8.6, 1.1, 7.5, 59.95, 34.65, 30.54, -25.31, 0.28, 0.02, 0.12, 2.84, 1, 
15, 9, eco5, 4, 55597, 13.8, 20.9, 9.4, 0.9, 8.5, 64.57, 28.97, 26.9, -35.6, 0.28, 0.02, 0.13, 2.75, 1, 
15, 9, eco6, 5, 18055, 12.1, 18.9, 8.5, 0.9, 7.6, 65.41, 23.75, 24.47, -41.66, 0.28, 0.03, 0.15, 2.6, 1, 
15, 9, eco8, 6, 48574, 18.1, 17.1, 7.9, 0, 7.9, 90.53, 71.18, 59.68, -19.35, 0.29, 0.11, 0.2, 4.01, 1, 
15, 9, eco9, 7, 25523, 17.3, 16.7, 7.7, 0, 7.7, 90.17, 74.55, 62.07, -15.62, 0.29, 0.11, 0.18, 3.58, 1, 
15, 9, eco10, 8, 47012, 11.5, 20.3, 9.1, 2.4, 6.7, 44.31, 21.52, 19.58, -22.79, 0.28, 0.01, 0.11, 2.71, 1, 
15, 9, eco11, 9, 38983, 15.2, 17.5, 8.1, 0, 8, 89.72, 58.31, 50.72, -31.41, 0.29, 0.06, 0.17, 3.46, 1, 
15, 10, eco1, 0, 18535, 24.2, 12.1, 4.7, 0, 4.7, 74.63, 56.21, 46.91, -18.41, 0.3, 0.18, 0.26, 5.83, 0.99, 
15, 10, eco2, 1, 37697, 22.9, 13.7, 5, 0, 5, 105.53, 54.91, 48.7, -50.61, 0.3, 0.11, 0.23, 5.77, 1, 
15, 10, eco3, 2, 46903, 16.3, 13.6, 4.9, 0, 4.9, 98.28, 47.19, 42.88, -51.09, 0.29, 0.07, 0.19, 5.02, 1, 
15, 10, eco4, 3, 42605, 18.3, 13.9, 5, 0, 5, 104.75, 52.25, 46.86, -52.5, 0.29, 0.08, 0.19, 5.03, 1, 
15, 10, eco5, 4, 55597, 15.5, 15.2, 5.2, 0, 5.2, 109.02, 41.24, 39.37, -67.77, 0.29, 0.05, 0.18, 4.44, 1, 
15, 10, eco6, 5, 18055, 13.9, 13.2, 4.8, 0, 4.8, 76.77, 40, 36.29, -36.77, 0.28, 0.06, 0.2, 4.08, 1, 
15, 10, eco8, 6, 48574, 16.2, 11.7, 4.5, 0, 4.5, 74.48, 52.48, 44.44, -22, 0.29, 0.1, 0.21, 5.05, 1, 
15, 10, eco9, 7, 25523, 21.4, 11.7, 4.6, 0, 4.6, 74.77, 57.84, 48.36, -16.94, 0.3, 0.18, 0.26, 5.61, 1, 
15, 10, eco10, 8, 47012, 15.9, 14.8, 5.2, 0, 5.2, 106.48, 44.8, 41.53, -61.68, 0.29, 0.04, 0.16, 4.48, 1, 
15, 10, eco11, 9, 38983, 14.1, 12, 4.6, 0, 4.6, 76.32, 48.82, 42.03, -27.5, 0.29, 0.07, 0.19, 4.64, 1, 
15, 11, eco1, 0, 18535, 25.3, 8.5, 2.7, 0, 2.7, 0.07, 45.28, 31.58, 45.2, 0.3, 0.27, 0.31, 7.18, 0.99, 
15, 11, eco2, 1, 37697, 25, 10.4, 2.9, 0, 2.9, 0.03, 45.16, 30.94, 45.13, 0.3, 0.2, 0.28, 7.25, 0.99, 
15, 11, eco3, 2, 46903, 20.5, 10.3, 2.9, 0, 2.9, 0.02, 38.87, 26.79, 38.86, 0.3, 0.16, 0.26, 6.93, 0.99, 
15, 11, eco4, 3, 42605, 21.6, 10.6, 3, 0, 3, 0.04, 43.21, 29.6, 43.17, 0.3, 0.16, 0.26, 6.76, 0.99, 
15, 11, eco5, 4, 55597, 19.6, 11.7, 3, 0, 3, 0.28, 34.19, 23.05, 33.91, 0.29, 0.12, 0.25, 6.41, 0.99, 
15, 11, eco6, 5, 18055, 19.2, 9.7, 2.7, 0, 2.7, 0, 32.66, 23.02, 32.66, 0.29, 0.17, 0.3, 6.19, 0.99, 
15, 11, eco8, 6, 48574, 21.1, 8.3, 2.6, 0, 2.6, 0, 42.87, 30.03, 42.87, 0.3, 0.2, 0.29, 6.92, 0.99, 
15, 11, eco9, 7, 25523, 24.1, 8.3, 2.6, 0, 2.6, 0.01, 47.25, 33.24, 47.24, 0.3, 0.28, 0.32, 7.1, 0.99, 
15, 11, eco10, 8, 47012, 19.8, 11.4, 3, 0, 3, 0.27, 37.4, 25.15, 37.12, 0.29, 0.11, 0.23, 6.35, 0.99, 
15, 11, eco11, 9, 38983, 19.2, 8.6, 2.6, 0, 2.6, 0, 39.94, 27.93, 39.94, 0.29, 0.17, 0.28, 6.69, 0.99, 
15, 12, eco1, 0, 18535, 36.2, 8.2, 2.5, 0, 2.5, 0.02, 43.98, 30.77, 43.96, 0.32, 0.46, 0.43, 9.19, 0.99, 
15, 12, eco2, 1, 37697, 36.4, 9.8, 2.6, 0, 2.6, 0.01, 43.07, 29.63, 43.06, 0.32, 0.37, 0.4, 9.36, 0.99, 
15, 12, eco3, 2, 46903, 24.6, 9.5, 2.5, 0, 2.5, 0, 36.62, 25.34, 36.62, 0.3, 0.25, 0.33, 8.25, 0.98, 
15, 12, eco4, 3, 42605, 31, 9.9, 2.6, 0, 2.6, 0, 40.93, 28.16, 40.93, 0.31, 0.3, 0.36, 8.82, 0.99, 
15, 12, eco5, 4, 55597, 25.3, 10.7, 2.5, 0, 2.5, 0.04, 31.63, 21.37, 31.6, 0.3, 0.21, 0.33, 8.02, 0.98, 
15, 12, eco6, 5, 18055, 18.8, 9.2, 2.5, 0, 2.5, 0, 31.34, 22.17, 31.34, 0.29, 0.21, 0.32, 6.63, 0.99, 
15, 12, eco8, 6, 48574, 21.8, 7.9, 2.4, 0, 2.4, 0, 41.47, 29.15, 41.47, 0.3, 0.26, 0.32, 7.5, 0.99, 
15, 12, eco9, 7, 25523, 29.9, 7.8, 2.4, 0, 2.4, 0, 45.47, 32.09, 45.47, 0.31, 0.42, 0.4, 8.43, 0.99, 
15, 12, eco10, 8, 47012, 29.1, 10.6, 2.7, 0, 2.7, 0.05, 35.12, 23.68, 35.08, 0.31, 0.23, 0.33, 8.4, 0.98, 
15, 12, eco11, 9, 38983, 19.4, 8.2, 2.4, 0, 2.4, 0, 38.72, 27.17, 38.72, 0.29, 0.22, 0.3, 7.23, 0.99, 
15, 1, eco1, 0, 18535, 12.9, 0.5, 0.1, 0, 0.1, 0, 27.48, 19.31, 27.48, 0.28, 0.07, 0.15, 4.64, 1, 
15, 1, eco2, 1, 37697, 12.8, 2, 0.3, 0, 0.3, 0, 26.23, 18.13, 26.23, 0.28, 0.05, 0.15, 5.02, 1, 
15, 1, eco3, 2, 46903, 8.3, 1.6, 0.2, 0, 0.2, 0, 22.41, 15.61, 22.41, 0.28, 0.03, 0.14, 4.74, 1, 
15, 1, eco4, 3, 42605, 11.2, 1.9, 0.2, 0, 0.2, 0, 24.87, 17.21, 24.87, 0.28, 0.04, 0.15, 4.97, 1, 
15, 1, eco5, 4, 55597, 9.3, 3, 0.3, 0, 0.3, 0, 19.36, 13.13, 19.36, 0.28, 0.03, 0.14, 4.77, 0.98, 
15, 1, eco6, 5, 18055, 5.6, 1.1, 0.1, 0, 0.1, 0, 18.4, 13.08, 18.4, 0.27, 0, 0.13, 3.62, 1, 
15, 1, eco8, 6, 48574, 7.2, 0, 0, 0, 0, 0, 0.82, 0.58, 0.82, 0.27, 0.01, 0.12, 3.98, 1, 
15, 1, eco9, 7, 25523, 9.9, 0, 0, 0, 0, 0, 0.91, 0.64, 0.91, 0.28, 0.03, 0.14, 4.24, 1, 
15, 1, eco10, 8, 47012, 10.7, 2.5, 0.3, 0, 0.3, 0, 20.87, 14.13, 20.87, 0.28, 0.03, 0.14, 4.88, 0.98, 
15, 1, eco11, 9, 38983, 6.2, 0.2, 0, 0, 0, 0, 22.93, 16.18, 22.93, 0.27, 0.01, 0.12, 3.98, 1, 
15, 2, eco1, 0, 18535, 12.4, -1.8, 0, 0, 0, 0, 0.77, 0.54, 0.77, 0.28, 0.01, 0.11, 3.5, 1, 
15, 2, eco2, 1, 37697, 11.9, 0, 0, 0, 0, 0, 22.75, 15.75, 22.75, 0.28, 0.02, 0.12, 4.09, 1, 
15, 2, eco3, 2, 46903, 7.5, -0.7, 0, 0, 0, 0, 0.63, 0.44, 0.63, 0.27, 0, 0.1, 3.6, 1, 
15, 2, eco4, 3, 42605, 10.6, -0.2, 0, 0, 0, 0, 0.71, 0.49, 0.71, 0.28, 0.02, 0.12, 4.04, 1, 
15, 2, eco5, 4, 55597, 8.1, 0.8, 0, 0, 0, 0, 15.8, 10.8, 15.8, 0.28, 0.01, 0.11, 3.83, 1, 
15, 2, eco6, 5, 18055, 5.8, -0.9, 0, 0, 0, 0, 0.54, 0.39, 0.54, 0.27, 0, 0.1, 2.66, 1, 
15, 2, eco8, 6, 48574, 7.7, -2.7, 0, 0, 0, 0, 0.7, 0.49, 0.7, 0.27, 0, 0.08, 2.67, 1, 
15, 2, eco9, 7, 25523, 10.5, -2.5, 0, 0, 0, 0, 0.78, 0.55, 0.78, 0.28, 0, 0.1, 2.99, 1, 
15, 2, eco10, 8, 47012, 9.6, 0.5, 0, 0, 0, 0, 17.04, 11.62, 17.04, 0.28, 0.01, 0.11, 3.98, 1, 
15, 2, eco11, 9, 38983, 6.8, -2.4, 0, 0, 0, 0, 0.65, 0.46, 0.65, 0.27, 0, 0.08, 2.77, 1, 
15, 3, eco1, 0, 18535, 11.1, 7.7, 2.8, 0, 2.8, 0, 42.25, 29.65, 42.25, 0.28, 0.31, 0.28, 7.01, 0.99, 
15, 3, eco2, 1, 37697, 9.8, 9.6, 3.2, 0, 3.2, 0, 41.84, 29.01, 41.84, 0.28, 0.22, 0.23, 6.63, 0.99, 
15, 3, eco3, 2, 46903, 8.3, 9.2, 2.9, 0, 2.9, 0, 35.26, 24.56, 35.26, 0.28, 0.15, 0.2, 6.02, 0.99, 
15, 3, eco4, 3, 42605, 9.9, 9.5, 3.1, 0, 3.1, 0, 39.4, 27.25, 39.4, 0.28, 0.19, 0.24, 6.7, 0.99, 
15, 3, eco5, 4, 55597, 8, 10.7, 3.1, 0, 3.1, 0.04, 30.94, 21.13, 30.9, 0.28, 0.12, 0.21, 5.62, 0.99, 
15, 3, eco6, 5, 18055, 6.7, 8.8, 2.9, 0, 2.9, 0, 30.17, 21.46, 30.17, 0.27, 0.09, 0.2, 4.71, 1, 
15, 3, eco8, 6, 48574, 8.4, 7, 2.5, 0, 2.5, 0, 38.95, 27.4, 38.95, 0.28, 0.16, 0.22, 6.11, 0.99, 
15, 3, eco9, 7, 25523, 9.5, 7.1, 2.6, 0, 2.6, 0, 43.13, 30.44, 43.13, 0.28, 0.25, 0.26, 6.42, 0.99, 
15, 3, eco10, 8, 47012, 9.7, 10.4, 3.2, 0, 3.2, 0.02, 33.82, 23.03, 33.8, 0.28, 0.15, 0.22, 6.31, 0.99, 
15, 3, eco11, 9, 38983, 7.8, 7.4, 2.6, 0, 2.6, 0, 36.34, 25.61, 36.34, 0.28, 0.14, 0.21, 5.99, 1, 
15, 4, eco1, 0, 18535, 22, 11.9, 5.2, 0, 5.2, 56.95, 54.01, 43.89, -2.93, 0.3, 0.39, 0.3, 6.51, 0.99, 
15, 4, eco2, 1, 37697, 19.8, 13.5, 5.5, 0, 5.5, 83.37, 52.38, 45.23, -31, 0.29, 0.24, 0.23, 5.73, 1, 
15, 4, eco3, 2, 46903, 16.1, 13.3, 5.4, 0, 5.3, 75.9, 45.12, 39.5, -30.77, 0.29, 0.18, 0.21, 5.42, 1, 
15, 4, eco4, 3, 42605, 17.4, 13.7, 5.5, 0, 5.5, 83.2, 50.15, 43.63, -33.05, 0.29, 0.19, 0.22, 5.48, 1, 
15, 4, eco5, 4, 55597, 15.6, 15.1, 5.8, 0, 5.8, 95.21, 39.87, 37.61, -55.35, 0.29, 0.14, 0.2, 4.91, 1, 
15, 4, eco6, 5, 18055, 13.1, 13, 5.3, 0, 5.3, 62.28, 38.58, 34.07, -23.7, 0.28, 0.13, 0.21, 4.2, 1, 
15, 4, eco8, 6, 48574, 18, 11.2, 4.9, 0, 4.9, 52.49, 49.82, 40.54, -2.67, 0.29, 0.26, 0.27, 6, 1, 
15, 4, eco9, 7, 25523, 19.3, 11.3, 5, 0, 5, 53.17, 55.27, 44.57, 2.1, 0.29, 0.35, 0.29, 6.11, 1, 
15, 4, eco10, 8, 47012, 16.3, 14.6, 5.8, 0, 5.7, 93.26, 43.41, 39.81, -49.85, 0.29, 0.14, 0.2, 5.18, 1, 
15, 4, eco11, 9, 38983, 16, 11.5, 4.9, 0, 4.9, 55.65, 46.41, 38.54, -9.24, 0.29, 0.21, 0.24, 5.52, 1, 
15, 5, eco1, 0, 18535, 7.6, 16.3, 8.7, 2.2, 6.6, 71.3, 27.82, 27.42, -43.48, 0.27, 0.04, 0.12, 2.54, 1, 
15, 5, eco2, 1, 37697, 8.2, 18.4, 9.5, 3.4, 6.2, 66.1, 22.46, 23.15, -43.64, 0.28, 0.02, 0.11, 2.63, 1, 
15, 5, eco3, 2, 46903, 6.5, 18.4, 9.5, 4.6, 4.9, 36.67, 12.67, 13.02, -24, 0.27, 0.01, 0.11, 2.82, 1, 
15, 5, eco4, 3, 42605, 7.7, 18.4, 9.5, 3.7, 5.9, 57.18, 18.89, 19.62, -38.28, 0.27, 0.02, 0.11, 2.67, 1, 
15, 5, eco5, 4, 55597, 7, 20.3, 10.5, 5.2, 5.3, 39.68, 10.55, 11.82, -29.13, 0.27, 0.01, 0.11, 2.57, 1, 
15, 5, eco6, 5, 18055, 6.5, 17.9, 9.3, 4.7, 4.6, 21.05, 8.43, 8.48, -12.62, 0.27, 0, 0.12, 2.5, 1, 
15, 5, eco8, 6, 48574, 8.1, 16.3, 8.7, 1.6, 7.1, 65.83, 30.8, 28.88, -35.04, 0.28, 0.04, 0.13, 2.6, 1, 
15, 5, eco9, 7, 25523, 8.1, 15.9, 8.6, 1.6, 7, 68.62, 34.57, 31.85, -34.05, 0.28, 0.05, 0.13, 2.48, 1, 
15, 5, eco10, 8, 47012, 7.5, 19.6, 10.1, 4.5, 5.6, 52.78, 14.93, 16.35, -37.85, 0.27, 0.01, 0.1, 2.61, 1, 
15, 5, eco11, 9, 38983, 7.5, 16.7, 8.9, 2.5, 6.4, 51.9, 21.87, 21.21, -30.04, 0.27, 0.03, 0.13, 2.67, 1, 
15, 6, eco1, 0, 18535, 16.3, 19.8, 11.2, 1, 10.2, 119.1, 42.13, 43.02, -76.96, 0.29, 0.09, 0.15, 2.57, 1, 
15, 6, eco2, 1, 37697, 13.3, 21.9, 12.3, 4.3, 8.1, 65.95, 20.87, 22.02, -45.07, 0.28, 0.02, 0.12, 2.6, 1, 
15, 6, eco3, 2, 46903, 12.3, 22.1, 12.5, 4.7, 7.7, 53.55, 16.34, 17.51, -37.21, 0.28, 0.03, 0.13, 2.83, 1, 
15, 6, eco4, 3, 42605, 12.6, 22, 12.4, 4.6, 7.8, 60.28, 18.63, 19.78, -41.65, 0.28, 0.02, 0.12, 2.65, 1, 
15, 6, eco5, 4, 55597, 9.7, 24.2, 13.9, 8.1, 5.8, 20.83, 7.52, 7.52, -13.3, 0.28, 0.01, 0.11, 2.53, 1, 
15, 6, eco6, 5, 18055, 10.2, 21.7, 12.2, 5.8, 6.4, 24.69, 9.18, 9.45, -15.51, 0.28, 0.02, 0.14, 2.48, 1, 
15, 6, eco8, 6, 48574, 12.2, 19.9, 11.3, 3.3, 8, 66.62, 22.72, 23.36, -43.9, 0.28, 0.04, 0.13, 2.54, 1, 
15, 6, eco9, 7, 25523, 13.6, 19.4, 11, 2.2, 8.8, 87, 31.39, 31.67, -55.61, 0.28, 0.06, 0.14, 2.41, 1, 
15, 6, eco10, 8, 47012, 12.2, 23.3, 13.3, 5.8, 7.4, 48.28, 14.23, 15.32, -34.05, 0.28, 0.01, 0.11, 2.61, 1, 
15, 6, eco11, 9, 38983, 10.7, 20.4, 11.5, 4.6, 6.9, 44.29, 14.9, 15.49, -29.38, 0.28, 0.02, 0.13, 2.64, 1, 
20, 7, eco1, 0, 18535, 14.6, 20.1, 11.8, 1.8, 10, 104.98, 40.95, 40.57, -64.02, 0.29, 0.06, 0.15, 2.54, 1, 
20, 7, eco2, 1, 37697, 11, 22.1, 12.9, 6, 6.9, 44, 15.86, 16.09, -28.14, 0.28, 0.01, 0.11, 2.56, 1, 
20, 7, eco3, 2, 46903, 10.2, 22.2, 13, 6.8, 6.2, 27.61, 10.69, 10.64, -16.91, 0.28, 0.01, 0.11, 2.8, 1, 
20, 7, eco4, 3, 42605, 10.2, 22.3, 13, 6.7, 6.3, 34.13, 12.58, 12.67, -21.55, 0.28, 0.01, 0.11, 2.61, 1, 
20, 7, eco5, 4, 55597, 8.7, 24.4, 14.5, 9.5, 5, 12.45, 6.44, 5.84, -6.01, 0.28, 0, 0.1, 2.53, 1, 
20, 7, eco6, 5, 18055, 8.8, 21.7, 12.7, 7.5, 5.2, 10.55, 6.49, 5.86, -4.06, 0.28, 0, 0.12, 2.47, 1, 
20, 7, eco8, 6, 48574, 12.6, 20, 11.8, 3.2, 8.6, 70.19, 26.15, 26.18, -44.04, 0.28, 0.03, 0.14, 2.53, 1, 
20, 7, eco9, 7, 25523, 12.7, 19.6, 11.6, 2.9, 8.7, 80.75, 30.8, 30.52, -49.95, 0.28, 0.04, 0.14, 2.41, 1, 
20, 7, eco10, 8, 47012, 9.5, 23.6, 13.9, 8.5, 5.4, 21.43, 8.64, 8.43, -12.79, 0.28, 0, 0.1, 2.56, 1, 
20, 7, eco11, 9, 38983, 11, 20.4, 12, 4.7, 7.3, 46.62, 16.32, 16.72, -30.3, 0.28, 0.02, 0.13, 2.63, 1, 
20, 8, eco1, 0, 18535, 9.8, 19.3, 10.6, 5.2, 5.5, 33.31, 11.92, 12.08, -21.39, 0.28, 0, 0.1, 2.49, 1, 
20, 8, eco2, 1, 37697, 9.3, 21.3, 11.6, 6.8, 4.8, 19.71, 9.21, 8.66, -10.5, 0.28, 0, 0.09, 2.51, 1, 
20, 8, eco3, 2, 46903, 8.8, 21.7, 11.8, 7, 4.8, 16.78, 8.13, 7.61, -8.65, 0.28, 0, 0.1, 2.78, 1, 
20, 8, eco4, 3, 42605, 8.8, 21.6, 11.8, 7.2, 4.6, 17.91, 8.43, 7.91, -9.48, 0.28, 0, 0.09, 2.58, 1, 
20, 8, eco5, 4, 55597, 10.1, 23.9, 13.2, 7.1, 6.1, 26.33, 9.24, 9.35, -17.09, 0.28, 0.01, 0.11, 2.54, 1, 
20, 8, eco6, 5, 18055, 8.9, 21.1, 11.5, 6.3, 5.2, 14.7, 7.16, 6.82, -7.53, 0.28, 0, 0.12, 2.47, 1, 
20, 8, eco8, 6, 48574, 10.4, 19.5, 10.7, 4.2, 6.5, 42.52, 16.57, 16.37, -25.95, 0.28, 0.01, 0.12, 2.54, 1, 
20, 8, eco9, 7, 25523, 9.5, 19, 10.5, 5, 5.5, 33.46, 13.61, 13.23, -19.85, 0.28, 0.01, 0.11, 2.38, 1, 
20, 8, eco10, 8, 47012, 9.1, 23, 12.6, 7.7, 4.9, 19.74, 8.28, 7.99, -11.46, 0.28, 0, 0.09, 2.53, 1, 
20, 8, eco11, 9, 38983, 10.5, 19.9, 10.9, 4.2, 6.7, 42.99, 15.7, 15.87, -27.29, 0.28, 0.01, 0.13, 2.65, 1, 
20, 9, eco1, 0, 18535, 14.9, 16, 7.5, 0, 7.5, 81.09, 61.77, 51.7, -19.32, 0.29, 0.05, 0.15, 3.14, 1, 
20, 9, eco2, 1, 37697, 13.7, 17.8, 8.1, 0.7, 7.4, 82.74, 45.73, 40.77, -37.01, 0.28, 0.02, 0.12, 2.94, 1, 
20, 9, eco3, 2, 46903, 10.6, 18.2, 8.3, 2.2, 6.1, 50.66, 20.08, 19.55, -30.58, 0.28, 0.01, 0.11, 2.88, 1, 
20, 9, eco4, 3, 42605, 12.7, 18.2, 8.3, 1, 7.3, 76.26, 36.43, 33.65, -39.83, 0.28, 0.02, 0.12, 2.85, 1, 
20, 9, eco5, 4, 55597, 14.4, 19.9, 8.9, 0.4, 8.5, 89.77, 38.62, 36.35, -51.15, 0.29, 0.03, 0.14, 2.96, 1, 
20, 9, eco6, 5, 18055, 7.4, 17.7, 8.1, 4.4, 3.7, 11.89, 6.49, 5.93, -5.39, 0.27, 0, 0.11, 2.5, 1, 
20, 9, eco8, 6, 48574, 10.4, 16.2, 7.6, 1.3, 6.3, 49.76, 27.71, 24.62, -22.06, 0.28, 0.01, 0.12, 2.63, 1, 
20, 9, eco9, 7, 25523, 12.2, 15.8, 7.5, 0.5, 7, 66.45, 44.86, 38.33, -21.6, 0.28, 0.03, 0.13, 2.67, 1, 
20, 9, eco10, 8, 47012, 13, 19.5, 8.8, 1.3, 7.5, 70.59, 32.55, 30.26, -38.04, 0.28, 0.01, 0.12, 2.8, 1, 
20, 9, eco11, 9, 38983, 8.6, 16.5, 7.7, 2.9, 4.9, 30.5, 14.93, 13.71, -15.57, 0.28, 0, 0.11, 2.68, 1, 
20, 10, eco1, 0, 18535, 0.5, 11.9, 4.9, 4.8, 0.1, 0.06, 1.91, 1.33, 1.85, 0.26, 0, 0.04, 1.32, 1, 
20, 10, eco2, 1, 37697, 0.5, 13.6, 5.2, 5.1, 0.1, 0.14, 1.89, 1.31, 1.76, 0.26, 0, 0.03, 1.23, 1, 
20, 10, eco3, 2, 46903, 0.2, 13.6, 5.2, 5.2, 0, 0.18, 1.62, 1.14, 1.44, 0.26, 0, 0.03, 1.27, 1, 
20, 10, eco4, 3, 42605, 0.4, 13.8, 5.3, 5.2, 0.1, 0.17, 1.8, 1.26, 1.63, 0.26, 0, 0.03, 1.24, 1, 
20, 10, eco5, 4, 55597, 0.4, 15.3, 5.6, 5.5, 0.1, 0.3, 1.49, 1.04, 1.2, 0.26, 0, 0.04, 1.37, 1, 
20, 10, eco6, 5, 18055, 0.1, 13.2, 5.1, 5.1, 0, 0.15, 1.33, 0.95, 1.18, 0.26, 0, 0.04, 1.06, 1, 
20, 10, eco8, 6, 48574, 0.2, 11.8, 4.9, 4.8, 0.1, 0.07, 1.79, 1.25, 1.72, 0.26, 0, 0.04, 1.18, 1, 
20, 10, eco9, 7, 25523, 0.4, 11.6, 4.9, 4.8, 0.1, 0.06, 1.95, 1.37, 1.89, 0.26, 0, 0.04, 1.17, 1, 
20, 10, eco10, 8, 47012, 0.3, 14.9, 5.5, 5.4, 0.1, 0.3, 1.61, 1.13, 1.31, 0.26, 0, 0.03, 1.22, 1, 
20, 10, eco11, 9, 38983, 0.2, 12.1, 4.9, 4.9, 0, 0.09, 1.67, 1.17, 1.57, 0.26, 0, 0.04, 1.22, 1, 
20, 11, eco1, 0, 18535, 20.1, 4.8, 1.4, 0, 1.4, 0, 37.34, 25.88, 37.34, 0.29, 0.04, 0.14, 4.26, 0.99, 
20, 11, eco2, 1, 37697, 18.2, 6.4, 1.6, 0, 1.6, 0, 37.33, 25.66, 37.33, 0.29, 0.1, 0.19, 5.48, 0.99, 
20, 11, eco3, 2, 46903, 11.6, 6.4, 1.6, 0, 1.6, 0, 26.64, 18.42, 26.64, 0.28, 0.01, 0.11, 3.69, 1, 
20, 11, eco4, 3, 42605, 15.7, 6.6, 1.7, 0, 1.7, 0, 35.97, 24.76, 35.97, 0.29, 0.07, 0.17, 5.13, 0.99, 
20, 11, eco5, 4, 55597, 13.4, 7.9, 1.8, 0, 1.7, 0, 28.9, 19.6, 28.9, 0.28, 0.05, 0.16, 4.74, 0.99, 
20, 11, eco6, 5, 18055, 8.2, 5.9, 1.5, 0, 1.5, 0, 12.8, 9.02, 12.8, 0.28, 0, 0.09, 2.59, 1, 
20, 11, eco8, 6, 48574, 11, 4.7, 1.4, 0, 1.4, 0, 26.08, 18.11, 26.08, 0.28, 0, 0.09, 3.02, 1, 
20, 11, eco9, 7, 25523, 15.5, 4.6, 1.4, 0, 1.4, 0, 35.17, 24.47, 35.17, 0.29, 0.01, 0.12, 3.54, 1, 
20, 11, eco10, 8, 47012, 15.1, 7.5, 1.8, 0, 1.8, 0, 31.72, 21.55, 31.72, 0.29, 0.05, 0.16, 4.99, 0.99, 
20, 11, eco11, 9, 38983, 9.2, 4.9, 1.4, 0, 1.4, 0, 20.16, 14.04, 20.16, 0.28, 0, 0.09, 2.84, 1, 
20, 12, eco1, 0, 18535, 9.8, -2.1, 0, 0, 0, 0, 0.8, 0.56, 0.8, 0.28, 0, 0.09, 2.84, 1, 
20, 12, eco2, 1, 37697, 9, -0.8, 0, 0, 0, 0, 0.79, 0.55, 0.79, 0.28, 0, 0.08, 2.91, 1, 
20, 12, eco3, 2, 46903, 6.2, -1, 0, 0, 0, 0, 0.68, 0.47, 0.68, 0.27, 0, 0.07, 2.57, 1, 
20, 12, eco4, 3, 42605, 7.9, -0.5, 0, 0, 0, 0, 0.76, 0.52, 0.76, 0.28, 0, 0.08, 2.92, 1, 
20, 12, eco5, 4, 55597, 5.8, 0.2, 0, 0, 0, 0, 12.03, 8.22, 12.03, 0.27, 0, 0.08, 2.71, 1, 
20, 12, eco6, 5, 18055, 4.7, -1.4, 0, 0, 0, 0, 0.56, 0.39, 0.56, 0.27, 0, 0.06, 1.75, 1, 
20, 12, eco8, 6, 48574, 6.2, -2.6, 0, 0, 0, 0, 0.76, 0.53, 0.76, 0.27, 0, 0.06, 2.03, 1, 
20, 12, eco9, 7, 25523, 8.3, -2.5, 0, 0, 0, 0, 0.83, 0.58, 0.83, 0.28, 0, 0.08, 2.36, 1, 
20, 12, eco10, 8, 47012, 7.4, 0.3, 0, 0, 0, 0, 15.02, 10.26, 15.02, 0.27, 0, 0.08, 2.92, 1, 
20, 12, eco11, 9, 38983, 5.2, -2.4, 0, 0, 0, 0, 0.7, 0.49, 0.7, 0.27, 0, 0.06, 1.94, 1, 
20, 1, eco1, 0, 18535, 15.4, 0.5, 0.1, 0, 0.1, 0, 28.97, 20.11, 28.97, 0.29, 0.06, 0.14, 4.38, 1, 
20, 1, eco2, 1, 37697, 16.1, 2.1, 0.4, 0, 0.4, 0, 28.14, 19.37, 28.14, 0.29, 0.04, 0.13, 4.34, 0.99, 
20, 1, eco3, 2, 46903, 11.6, 1.7, 0.3, 0, 0.3, 0, 22.45, 15.55, 22.45, 0.28, 0.02, 0.12, 4.04, 1, 
20, 1, eco4, 3, 42605, 15, 2.2, 0.4, 0, 0.4, 0, 26.96, 18.58, 26.96, 0.29, 0.03, 0.13, 4.4, 0.99, 
20, 1, eco5, 4, 55597, 12.3, 3.2, 0.4, 0, 0.4, 0, 20.36, 13.87, 20.36, 0.28, 0.02, 0.12, 4.06, 0.99, 
20, 1, eco6, 5, 18055, 9.1, 0.9, 0.1, 0, 0.1, 0, 13.67, 9.67, 13.67, 0.28, 0, 0.1, 2.86, 1, 
20, 1, eco8, 6, 48574, 11, -0.3, 0, 0, 0, 0, 0.87, 0.61, 0.87, 0.28, 0, 0.1, 3.2, 1, 
20, 1, eco9, 7, 25523, 13.5, -0.1, 0, 0, 0, 0, 0.97, 0.67, 0.97, 0.28, 0.02, 0.12, 3.71, 1, 
20, 1, eco10, 8, 47012, 14.3, 3.1, 0.5, 0, 0.5, 0, 22.99, 15.69, 22.99, 0.29, 0.03, 0.13, 4.44, 0.99, 
20, 1, eco11, 9, 38983, 9.9, -0.1, 0, 0, 0, 0, 0.81, 0.56, 0.81, 0.28, 0, 0.1, 3.07, 1, 
20, 2, eco1, 0, 18535, 8.7, 4.4, 1.3, 0, 1.3, 0, 36.67, 25.44, 36.67, 0.28, 0.22, 0.23, 6.2, 0.99, 
20, 2, eco2, 1, 37697, 8.1, 6.1, 1.6, 0, 1.6, 0, 36.31, 25.05, 36.31, 0.28, 0.15, 0.19, 5.9, 0.99, 
20, 2, eco3, 2, 46903, 6.6, 6, 1.5, 0, 1.5, 0, 31.26, 21.64, 31.26, 0.27, 0.12, 0.18, 5.74, 0.99, 
20, 2, eco4, 3, 42605, 7.6, 6.4, 1.7, 0, 1.7, 0, 35.1, 24.25, 35.1, 0.27, 0.14, 0.19, 5.97, 0.99, 
20, 2, eco5, 4, 55597, 6.2, 7.6, 1.7, 0, 1.7, 0, 28.23, 19.25, 28.23, 0.27, 0.11, 0.19, 5.78, 0.99, 
20, 2, eco6, 5, 18055, 6.2, 5.5, 1.5, 0, 1.5, 0, 26.08, 18.32, 26.08, 0.27, 0.08, 0.18, 4.76, 0.99, 
20, 2, eco8, 6, 48574, 6.8, 4, 1.2, 0, 1.2, 0, 34.98, 24.28, 34.98, 0.27, 0.09, 0.18, 5.28, 0.99, 
20, 2, eco9, 7, 25523, 7.9, 4, 1.2, 0, 1.2, 0, 38.01, 26.44, 38.01, 0.28, 0.17, 0.22, 5.68, 0.99, 
20, 2, eco10, 8, 47012, 7.1, 7.3, 1.8, 0, 1.8, 0, 30.98, 21.17, 30.98, 0.27, 0.11, 0.18, 5.87, 0.99, 
20, 2, eco11, 9, 38983, 6.5, 4.4, 1.3, 0, 1.3, 0, 32.46, 22.54, 32.46, 0.27, 0.08, 0.17, 5.18, 0.99, 
20, 3, eco1, 0, 18535, 14.7, 8.1, 3.3, 0, 3.3, 0, 45.62, 31.75, 45.61, 0.29, 0.37, 0.3, 7.34, 0.99, 
20, 3, eco2, 1, 37697, 14.3, 9.8, 3.6, 0, 3.6, 0, 45.62, 31.59, 45.61, 0.29, 0.22, 0.22, 5.99, 0.99, 
20, 3, eco3, 2, 46903, 10.9, 9.7, 3.5, 0, 3.5, 0, 39.02, 27.14, 39.01, 0.28, 0.17, 0.2, 5.68, 0.99, 
20, 3, eco4, 3, 42605, 12.8, 9.9, 3.6, 0, 3.5, 0, 43.08, 29.89, 43.08, 0.28, 0.19, 0.21, 5.78, 0.99, 
20, 3, eco5, 4, 55597, 11.2, 11.5, 3.8, 0.1, 3.8, 0.17, 35.18, 24.18, 35.01, 0.28, 0.1, 0.18, 4.7, 1, 
20, 3, eco6, 5, 18055, 9.6, 9.2, 3.4, 0, 3.4, 0, 32.47, 22.9, 32.47, 0.28, 0.15, 0.22, 4.9, 1, 
20, 3, eco8, 6, 48574, 10.8, 7.7, 3.1, 0, 3.1, 0, 43.38, 30.21, 43.38, 0.28, 0.22, 0.26, 6.57, 0.99, 
20, 3, eco9, 7, 25523, 12.7, 7.6, 3.1, 0, 3.1, 0, 47.25, 32.94, 47.25, 0.28, 0.33, 0.3, 7.08, 0.99, 
20, 3, eco10, 8, 47012, 12.1, 10.9, 3.7, 0, 3.7, 0.07, 38.21, 26.27, 38.14, 0.28, 0.13, 0.19, 5.32, 1, 
20, 3, eco11, 9, 38983, 9.9, 8.1, 3.2, 0, 3.2, 0, 40.64, 28.3, 40.64, 0.28, 0.18, 0.24, 6.07, 1, 
20, 4, eco1, 0, 18535, 20.2, 9.6, 4.3, 0, 4.3, 37.33, 49.61, 38.47, 12.28, 0.29, 0.33, 0.27, 6.07, 0.99, 
20, 4, eco2, 1, 37697, 19.5, 11.2, 4.6, 0, 4.6, 58.98, 49.46, 40.42, -9.52, 0.29, 0.25, 0.22, 5.8, 1, 
20, 4, eco3, 2, 46903, 16.2, 11.2, 4.5, 0, 4.5, 55.97, 42.58, 35.46, -13.39, 0.29, 0.2, 0.22, 5.65, 1, 
20, 4, eco4, 3, 42605, 18.6, 11.3, 4.5, 0, 4.5, 58.28, 46.71, 38.49, -11.57, 0.29, 0.22, 0.23, 5.86, 1, 
20, 4, eco5, 4, 55597, 16.2, 12.9, 4.8, 0, 4.8, 69.58, 38.4, 33.64, -31.18, 0.29, 0.15, 0.21, 5.15, 1, 
20, 4, eco6, 5, 18055, 12.8, 10.7, 4.4, 0, 4.4, 43.72, 35.22, 29.42, -8.5, 0.28, 0.14, 0.22, 4.49, 1, 
20, 4, eco8, 6, 48574, 16.4, 9.3, 4.1, 0, 4.1, 38.43, 47.46, 37.11, 9.03, 0.29, 0.23, 0.25, 5.77, 1, 
20, 4, eco9, 7, 25523, 18.4, 9.1, 4.1, 0, 4.1, 36.42, 51.29, 39.61, 14.86, 0.29, 0.31, 0.27, 5.87, 0.99, 
20, 4, eco10, 8, 47012, 17.7, 12.3, 4.7, 0, 4.7, 66.35, 41.51, 35.47, -24.84, 0.29, 0.17, 0.21, 5.58, 1, 
20, 4, eco11, 9, 38983, 14.5, 9.7, 4.2, 0, 4.2, 41.09, 44.36, 35.21, 3.27, 0.29, 0.19, 0.23, 5.44, 1, 
20, 5, eco1, 0, 18535, 11.6, 16.7, 9.2, 0.6, 8.6, 103.9, 47.96, 45.08, -55.94, 0.28, 0.1, 0.15, 2.71, 1, 
20, 5, eco2, 1, 37697, 7.7, 18.3, 9.8, 3.9, 5.9, 56.3, 21.38, 21.31, -34.92, 0.27, 0.02, 0.11, 2.6, 1, 
20, 5, eco3, 2, 46903, 7.5, 18.4, 9.9, 3.9, 6, 48.22, 17.54, 17.75, -30.69, 0.27, 0.02, 0.12, 2.84, 1, 
20, 5, eco4, 3, 42605, 8.4, 18.4, 9.8, 3.1, 6.7, 67.07, 24.62, 24.83, -42.45, 0.28, 0.03, 0.12, 2.69, 1, 
20, 5, eco5, 4, 55597, 7, 20.2, 10.7, 5.2, 5.5, 42.13, 12.17, 13.26, -29.96, 0.27, 0.01, 0.11, 2.57, 1, 
20, 5, eco6, 5, 18055, 7.4, 18, 9.7, 4.1, 5.6, 29.6, 11.38, 11.56, -18.22, 0.27, 0.01, 0.13, 2.51, 1, 
20, 5, eco8, 6, 48574, 8.7, 16.5, 9.2, 1.7, 7.4, 63.25, 32.77, 29.84, -30.49, 0.28, 0.04, 0.14, 2.6, 1, 
20, 5, eco9, 7, 25523, 9.7, 16.3, 9.1, 1.2, 7.9, 75.24, 41.65, 37.3, -33.6, 0.28, 0.07, 0.14, 2.52, 1, 
20, 5, eco10, 8, 47012, 7.7, 19.5, 10.3, 4.4, 6, 57.94, 18.05, 19.26, -39.89, 0.27, 0.01, 0.11, 2.62, 1, 
20, 5, eco11, 9, 38983, 8.3, 16.8, 9.3, 2.3, 7, 53.65, 25.18, 23.59, -28.47, 0.28, 0.03, 0.13, 2.67, 1, 
20, 6, eco1, 0, 18535, 15.8, 18.8, 10.7, 0.9, 9.8, 117.97, 43.31, 43.43, -74.67, 0.29, 0.08, 0.15, 2.62, 1, 
20, 6, eco2, 1, 37697, 13.3, 20.7, 11.6, 3.7, 8, 70.54, 23.61, 24.47, -46.93, 0.28, 0.02, 0.12, 2.62, 1, 
20, 6, eco3, 2, 46903, 11.7, 21.1, 11.9, 4.7, 7.3, 48.87, 15.79, 16.59, -33.08, 0.28, 0.02, 0.12, 2.83, 1, 
20, 6, eco4, 3, 42605, 14.5, 20.8, 11.7, 2.5, 9.2, 87.71, 29.57, 30.62, -58.15, 0.29, 0.04, 0.13, 2.7, 1, 
20, 6, eco5, 4, 55597, 9.6, 23.1, 13.2, 7.4, 5.7, 23.71, 8.34, 8.44, -15.37, 0.28, 0.01, 0.11, 2.54, 1, 
20, 6, eco6, 5, 18055, 10.3, 20.7, 11.7, 5.2, 6.5, 27.72, 9.97, 10.33, -17.76, 0.28, 0.02, 0.14, 2.49, 1, 
20, 6, eco8, 6, 48574, 12.9, 19.3, 11.1, 2.6, 8.5, 74.23, 27.56, 27.44, -46.67, 0.28, 0.04, 0.14, 2.55, 1, 
20, 6, eco9, 7, 25523, 13.7, 18.6, 10.7, 1.9, 8.8, 88.26, 34.54, 33.75, -53.73, 0.28, 0.06, 0.14, 2.43, 1, 
20, 6, eco10, 8, 47012, 13.4, 22.1, 12.5, 4.2, 8.3, 67.27, 20.74, 22.15, -46.53, 0.28, 0.02, 0.12, 2.66, 1, 
20, 6, eco11, 9, 38983, 11.2, 19.7, 11.3, 4, 7.3, 50.47, 17.89, 18.15, -32.57, 0.28, 0.02, 0.13, 2.65, 1, 
25, 7, eco1, 0, 18535, 22.6, 19.7, 11.6, 0, 11.6, 168.19, 85.49, 78.29, -82.7, 0.3, 0.16, 0.2, 3.41, 1, 
25, 7, eco2, 1, 37697, 22.3, 21.4, 12.4, 0.2, 12.2, 167.9, 78.46, 73.81, -89.44, 0.3, 0.12, 0.18, 3.42, 1, 
25, 7, eco3, 2, 46903, 15.9, 22, 12.8, 2.5, 10.3, 86.06, 32.28, 32.34, -53.78, 0.29, 0.06, 0.15, 2.84, 1, 
25, 7, eco4, 3, 42605, 19.8, 21.7, 12.6, 0.4, 12.2, 137.2, 59.87, 57.44, -77.33, 0.29, 0.09, 0.17, 2.95, 1, 
25, 7, eco5, 4, 55597, 16.5, 23.7, 13.9, 3.3, 10.6, 81.75, 28.51, 29.07, -53.24, 0.29, 0.07, 0.15, 2.61, 1, 
25, 7, eco6, 5, 18055, 12.8, 21.7, 12.7, 4.4, 8.4, 44.38, 16.1, 16.6, -28.28, 0.28, 0.04, 0.16, 2.49, 1, 
25, 7, eco8, 6, 48574, 15.1, 20, 11.8, 1.9, 9.9, 92.3, 38.27, 36.82, -54.03, 0.29, 0.06, 0.15, 2.54, 1, 
25, 7, eco9, 7, 25523, 18, 19.4, 11.5, 0.4, 11, 132.71, 62.15, 57.89, -70.56, 0.29, 0.11, 0.17, 2.65, 1, 
25, 7, eco10, 8, 47012, 19.9, 22.9, 13.3, 0.9, 12.5, 119.64, 49.44, 48.24, -70.19, 0.29, 0.08, 0.16, 2.81, 1, 
25, 7, eco11, 9, 38983, 13.5, 20.4, 12, 3.1, 9, 69.79, 26.8, 26.5, -42.99, 0.28, 0.05, 0.15, 2.64, 1, 
25, 8, eco1, 0, 18535, 31.1, 18.9, 10.3, 0, 10.3, 133.14, 88.01, 76.21, -45.13, 0.31, 0.28, 0.3, 5.54, 1, 
25, 8, eco2, 1, 37697, 27.8, 20.8, 11.2, 0, 11.2, 147.84, 89.1, 78.88, -58.74, 0.31, 0.19, 0.24, 4.94, 1, 
25, 8, eco3, 2, 46903, 18.6, 21.1, 11.4, 0.2, 11.2, 125.84, 56.23, 53.46, -69.61, 0.29, 0.08, 0.17, 3.27, 1, 
25, 8, eco4, 3, 42605, 21, 21.1, 11.4, 0.1, 11.3, 134.84, 76.38, 68.64, -58.45, 0.3, 0.1, 0.18, 3.64, 1, 
25, 8, eco5, 4, 55597, 16.2, 23, 12.5, 1.9, 10.5, 90.12, 32.34, 32.62, -57.78, 0.29, 0.05, 0.15, 2.65, 1, 
25, 8, eco6, 5, 18055, 16.5, 20.7, 11.2, 0.7, 10.5, 97.12, 36.29, 36.96, -60.83, 0.29, 0.07, 0.19, 2.63, 1, 
25, 8, eco8, 6, 48574, 22, 18.9, 10.4, 0, 10.4, 148.18, 83.77, 74.54, -64.41, 0.3, 0.15, 0.22, 4.02, 1, 
25, 8, eco9, 7, 25523, 24.4, 18.5, 10.2, 0, 10.2, 147.23, 89.66, 78.68, -57.57, 0.3, 0.21, 0.25, 4.29, 1, 
25, 8, eco10, 8, 47012, 17.9, 22.4, 12.1, 0.8, 11.3, 96.69, 46.44, 43.46, -50.24, 0.29, 0.05, 0.15, 2.83, 1, 
25, 8, eco11, 9, 38983, 19.7, 19.2, 10.5, 0, 10.5, 147.17, 72.36, 66.67, -74.81, 0.29, 0.11, 0.2, 3.65, 1, 
25, 9, eco1, 0, 18535, 14.2, 15.5, 7.2, 0, 7.2, 88.23, 71.96, 59.31, -16.27, 0.29, 0.09, 0.17, 3.72, 1, 
25, 9, eco2, 1, 37697, 13, 17.4, 7.9, 0.2, 7.6, 96.18, 62.08, 53.46, -34.11, 0.28, 0.04, 0.14, 3.32, 1, 
25, 9, eco3, 2, 46903, 8.2, 17.4, 7.8, 3.3, 4.5, 31.11, 14.37, 13.37, -16.73, 0.28, 0, 0.1, 2.87, 1, 
25, 9, eco4, 3, 42605, 9.8, 17.7, 8, 2, 5.9, 54.94, 27.43, 25.03, -27.51, 0.28, 0.01, 0.11, 2.76, 1, 
25, 9, eco5, 4, 55597, 8.1, 19.3, 8.6, 4.2, 4.3, 24.97, 9.56, 9.31, -15.41, 0.28, 0, 0.1, 2.58, 1, 
25, 9, eco6, 5, 18055, 7.5, 16.7, 7.5, 3.6, 3.9, 16.89, 8.49, 7.84, -8.39, 0.27, 0, 0.12, 2.54, 1, 
25, 9, eco8, 6, 48574, 8.2, 15.1, 7.1, 1.4, 5.6, 46.92, 29.22, 25.22, -17.71, 0.28, 0.01, 0.12, 2.64, 1, 
25, 9, eco9, 7, 25523, 10.8, 15, 7.1, 0.4, 6.7, 71.86, 53.77, 44.98, -18.09, 0.28, 0.03, 0.14, 2.9, 1, 
25, 9, eco10, 8, 47012, 8.5, 18.9, 8.4, 4, 4.4, 31.17, 13.48, 12.77, -17.69, 0.28, 0, 0.09, 2.61, 1, 
25, 9, eco11, 9, 38983, 7.2, 15.3, 7.1, 2.6, 4.5, 31.44, 17.62, 15.58, -13.83, 0.27, 0, 0.11, 2.69, 1, 
25, 10, eco1, 0, 18535, 19, 11.2, 4.6, 0, 4.6, 67.21, 57.9, 47, -9.31, 0.29, 0.12, 0.22, 5.06, 1, 
25, 10, eco2, 1, 37697, 19.9, 12.8, 4.9, 0, 4.8, 96.16, 57.98, 49.99, -38.18, 0.29, 0.09, 0.2, 5.29, 1, 
25, 10, eco3, 2, 46903, 10.9, 12.8, 4.8, 0.1, 4.7, 67.94, 43.39, 37, -24.55, 0.28, 0.02, 0.13, 3.59, 1, 
25, 10, eco4, 3, 42605, 14.8, 13.1, 4.9, 0, 4.9, 91.81, 55.65, 47.96, -36.16, 0.29, 0.05, 0.16, 4.27, 1, 
25, 10, eco5, 4, 55597, 11.3, 14.4, 5.1, 0.2, 4.9, 79.79, 40.06, 35.79, -39.74, 0.28, 0.02, 0.13, 3.4, 1, 
25, 10, eco6, 5, 18055, 8, 12.2, 4.6, 0.9, 3.8, 25.81, 18.49, 15.61, -7.32, 0.28, 0, 0.12, 2.75, 1, 
25, 10, eco8, 6, 48574, 10.3, 10.8, 4.4, 0.1, 4.3, 55.25, 49.3, 39.79, -5.95, 0.28, 0.02, 0.13, 3.38, 1, 
25, 10, eco9, 7, 25523, 14.9, 10.8, 4.5, 0, 4.5, 64.2, 59.07, 47.67, -5.13, 0.29, 0.08, 0.18, 4.21, 1, 
25, 10, eco10, 8, 47012, 13.6, 14.1, 5.1, 0.1, 5, 90.18, 47.99, 42.41, -42.2, 0.28, 0.03, 0.14, 3.92, 1, 
25, 10, eco11, 9, 38983, 8.7, 10.9, 4.4, 0.3, 4.1, 40.07, 35.33, 28.59, -4.74, 0.28, 0.01, 0.12, 3.08, 1, 
25, 11, eco1, 0, 18535, 13.3, 8, 2.7, 0, 2.7, 0, 47.53, 32.94, 47.53, 0.28, 0.11, 0.19, 4.82, 0.99, 
25, 11, eco2, 1, 37697, 12, 9.5, 2.9, 0, 2.8, 0, 47.09, 32.54, 47.08, 0.28, 0.06, 0.16, 4.69, 1, 
25, 11, eco3, 2, 46903, 8.4, 9.5, 2.8, 0.2, 2.7, 0, 37.33, 25.79, 37.33, 0.28, 0.01, 0.12, 3.74, 1, 
25, 11, eco4, 3, 42605, 9.9, 9.7, 2.9, 0, 2.8, 0, 44.86, 30.99, 44.86, 0.28, 0.03, 0.14, 4.09, 1, 
25, 11, eco5, 4, 55597, 8.2, 11, 3, 0.2, 2.8, 0.04, 33.13, 22.66, 33.09, 0.28, 0.01, 0.12, 3.48, 1, 
25, 11, eco6, 5, 18055, 6.1, 9, 2.7, 0.6, 2.1, 0, 18.16, 12.71, 18.16, 0.27, 0, 0.11, 2.73, 1, 
25, 11, eco8, 6, 48574, 8.3, 7.8, 2.7, 0.1, 2.6, 0, 43.25, 29.98, 43.25, 0.28, 0.02, 0.13, 3.65, 1, 
25, 11, eco9, 7, 25523, 10.7, 7.8, 2.7, 0, 2.6, 0, 48.72, 33.92, 48.72, 0.28, 0.07, 0.16, 4.19, 1, 
25, 11, eco10, 8, 47012, 8.8, 10.6, 3, 0.2, 2.7, 0.02, 36.38, 24.95, 36.36, 0.28, 0.02, 0.12, 3.69, 1, 
25, 11, eco11, 9, 38983, 7.1, 8.1, 2.7, 0.2, 2.5, 0, 34.41, 23.87, 34.41, 0.27, 0.01, 0.12, 3.26, 1, 
25, 12, eco1, 0, 18535, 12.2, 4.6, 1.3, 0, 1.3, 0, 37.43, 26, 37.43, 0.28, 0.03, 0.13, 4.02, 1, 
25, 12, eco2, 1, 37697, 11.1, 6, 1.5, 0, 1.5, 0, 37.56, 26.03, 37.56, 0.28, 0.06, 0.15, 4.74, 0.99, 
25, 12, eco3, 2, 46903, 7.2, 5.9, 1.4, 0, 1.4, 0, 24.59, 17.06, 24.59, 0.27, 0, 0.1, 3.41, 1, 
25, 12, eco4, 3, 42605, 8.7, 6.1, 1.5, 0, 1.5, 0, 35.74, 24.76, 35.74, 0.28, 0.03, 0.13, 4.16, 1, 
25, 12, eco5, 4, 55597, 7.3, 7.1, 1.5, 0.1, 1.4, 0, 27.36, 18.76, 27.36, 0.27, 0.02, 0.12, 3.68, 1, 
25, 12, eco6, 5, 18055, 4.8, 5.5, 1.4, 0, 1.4, 0, 7.87, 5.53, 7.87, 0.27, 0, 0.08, 2.31, 1, 
25, 12, eco8, 6, 48574, 7.5, 4.3, 1.3, 0, 1.3, 0, 27.62, 19.21, 27.62, 0.27, 0, 0.1, 3.14, 1, 
25, 12, eco9, 7, 25523, 9.7, 4.3, 1.3, 0, 1.3, 0, 34.85, 24.33, 34.85, 0.28, 0.01, 0.11, 3.49, 1, 
25, 12, eco10, 8, 47012, 7.9, 6.9, 1.5, 0.1, 1.4, 0, 29.22, 20.1, 29.22, 0.28, 0.02, 0.11, 3.81, 1, 
25, 12, eco11, 9, 38983, 6.2, 4.4, 1.3, 0, 1.3, 0, 19.82, 13.82, 19.82, 0.27, 0, 0.09, 2.87, 1, 
25, 1, eco1, 0, 18535, 24.6, -1.3, 0, 0, 0, 0, 0.87, 0.6, 0.87, 0.3, 0.02, 0.12, 3.87, 1, 
25, 1, eco2, 1, 37697, 22.1, 0.3, 0, 0, 0, 0, 26.14, 18.19, 26.14, 0.3, 0.03, 0.12, 4.21, 1, 
25, 1, eco3, 2, 46903, 15.7, -0.1, 0, 0, 0, 0, 0.74, 0.51, 0.74, 0.29, 0.01, 0.11, 3.63, 1, 
25, 1, eco4, 3, 42605, 19.6, 0.3, 0, 0, 0, 0, 24.24, 16.85, 24.24, 0.29, 0.02, 0.12, 4.04, 1, 
25, 1, eco5, 4, 55597, 14.8, 1.1, 0.1, 0, 0.1, 0, 17.9, 12.33, 17.9, 0.29, 0.01, 0.11, 3.61, 1, 
25, 1, eco6, 5, 18055, 12.4, -0.7, 0, 0, 0, 0, 0.6, 0.42, 0.6, 0.28, 0, 0.09, 2.47, 1, 
25, 1, eco8, 6, 48574, 15.6, -1.9, 0, 0, 0, 0, 0.81, 0.57, 0.81, 0.29, 0, 0.09, 2.79, 1, 
25, 1, eco9, 7, 25523, 19.6, -1.8, 0, 0, 0, 0, 0.88, 0.61, 0.88, 0.29, 0.01, 0.1, 3.11, 1, 
25, 1, eco10, 8, 47012, 17.6, 1, 0.1, 0, 0.1, 0, 19.79, 13.66, 19.79, 0.29, 0.01, 0.11, 3.84, 1, 
25, 1, eco11, 9, 38983, 13.7, -1.7, 0, 0, 0, 0, 0.76, 0.52, 0.76, 0.28, 0, 0.08, 2.71, 1, 
25, 2, eco1, 0, 18535, 18.6, 3.2, 0.9, 0, 0.9, 0, 35.09, 24.36, 35.09, 0.29, 0.25, 0.26, 6.69, 0.99, 
25, 2, eco2, 1, 37697, 18, 4.9, 1.2, 0, 1.2, 0, 35.54, 24.7, 35.54, 0.29, 0.22, 0.24, 6.85, 0.99, 
25, 2, eco3, 2, 46903, 14.2, 4.7, 1.1, 0, 1.1, 0, 30.3, 20.93, 30.3, 0.29, 0.16, 0.22, 6.53, 0.98, 
25, 2, eco4, 3, 42605, 17.3, 5.1, 1.2, 0, 1.2, 0, 34.16, 23.7, 34.16, 0.29, 0.2, 0.24, 6.97, 0.99, 
25, 2, eco5, 4, 55597, 13.3, 6.1, 1.2, 0, 1.2, 0, 27.52, 18.85, 27.52, 0.28, 0.14, 0.21, 6.2, 0.98, 
25, 2, eco6, 5, 18055, 12.4, 4.1, 1, 0, 1, 0, 24.77, 17.22, 24.77, 0.28, 0.11, 0.21, 5.29, 0.99, 
25, 2, eco8, 6, 48574, 14.7, 2.7, 0.7, 0, 0.7, 0, 33.22, 23.06, 33.22, 0.29, 0.13, 0.2, 5.71, 0.99, 
25, 2, eco9, 7, 25523, 16.9, 2.7, 0.8, 0, 0.8, 0, 35.75, 24.94, 35.75, 0.29, 0.2, 0.23, 5.98, 0.99, 
25, 2, eco10, 8, 47012, 15.9, 6, 1.3, 0, 1.3, 0, 30.44, 20.88, 30.44, 0.29, 0.16, 0.22, 6.77, 0.98, 
25, 2, eco11, 9, 38983, 13.9, 2.9, 0.8, 0, 0.8, 0, 30.9, 21.4, 30.9, 0.28, 0.11, 0.2, 5.69, 0.99, 
25, 3, eco1, 0, 18535, 30.5, 6.5, 2.5, 0, 2.5, 0, 42.52, 29.59, 42.52, 0.31, 0.55, 0.43, 9.46, 0.99, 
25, 3, eco2, 1, 37697, 29.6, 8.4, 2.9, 0, 2.9, 0, 43.48, 30.3, 43.48, 0.31, 0.56, 0.43, 10.15, 0.99, 
25, 3, eco3, 2, 46903, 23, 8, 2.7, 0, 2.7, 0, 36.91, 25.54, 36.91, 0.3, 0.42, 0.39, 9.74, 0.98, 
25, 3, eco4, 3, 42605, 28.8, 8.3, 2.8, 0, 2.8, 0, 41, 28.53, 41, 0.31, 0.51, 0.43, 10.15, 0.99, 
25, 3, eco5, 4, 55597, 23, 9.8, 3.1, 0, 3.1, 0, 34.3, 23.56, 34.3, 0.3, 0.36, 0.37, 8.67, 0.98, 
25, 3, eco6, 5, 18055, 18.9, 7.3, 2.5, 0, 2.5, 0, 29.92, 20.86, 29.92, 0.29, 0.35, 0.41, 8.48, 0.99, 
25, 3, eco8, 6, 48574, 22.3, 5.8, 2.3, 0, 2.3, 0, 40.02, 27.84, 40.02, 0.3, 0.34, 0.35, 8.35, 0.99, 
25, 3, eco9, 7, 25523, 26.8, 5.8, 2.3, 0, 2.3, 0, 42.9, 29.99, 42.9, 0.31, 0.47, 0.4, 8.68, 0.99, 
25, 3, eco10, 8, 47012, 27.4, 9.2, 2.9, 0, 2.9, 0, 36.84, 25.35, 36.84, 0.31, 0.41, 0.39, 9.4, 0.98, 
25, 3, eco11, 9, 38983, 19.7, 6.2, 2.3, 0, 2.3, 0, 37.38, 25.95, 37.38, 0.29, 0.3, 0.33, 8.24, 0.99, 
25, 4, eco1, 0, 18535, 17.7, 12.6, 6, 0, 6, 66.63, 61.28, 49.67, -5.35, 0.29, 0.54, 0.39, 7.98, 0.99, 
25, 4, eco2, 1, 37697, 17, 14.1, 6.3, 0, 6.3, 92.5, 61.18, 52.66, -31.32, 0.29, 0.25, 0.23, 5.64, 1, 
25, 4, eco3, 2, 46903, 13.5, 14.2, 6.3, 0, 6.3, 87.96, 53.7, 46.73, -34.27, 0.28, 0.19, 0.22, 5.36, 1, 
25, 4, eco4, 3, 42605, 16.8, 14.3, 6.3, 0, 6.3, 92.52, 58.53, 50.79, -33.99, 0.29, 0.24, 0.24, 5.84, 1, 
25, 4, eco5, 4, 55597, 12.8, 16, 6.8, 0, 6.7, 109.83, 48.91, 45.89, -60.92, 0.28, 0.14, 0.2, 4.66, 1, 
25, 4, eco6, 5, 18055, 11.5, 13.9, 6.3, 0, 6.3, 71.3, 44.15, 38.54, -27.14, 0.28, 0.14, 0.23, 4.37, 1, 
25, 4, eco8, 6, 48574, 13.1, 12.4, 5.9, 0, 5.9, 64.43, 59.11, 47.91, -5.32, 0.28, 0.39, 0.34, 7.19, 0.99, 
25, 4, eco9, 7, 25523, 15.4, 12.2, 5.9, 0, 5.9, 63.65, 62.86, 50.61, -0.78, 0.29, 0.54, 0.39, 7.73, 0.99, 
25, 4, eco10, 8, 47012, 15.6, 15.3, 6.5, 0, 6.5, 105.16, 52.88, 48.19, -52.27, 0.29, 0.18, 0.21, 5.44, 1, 
25, 4, eco11, 9, 38983, 11.8, 12.7, 6, 0, 6, 67.05, 55.12, 45.36, -11.94, 0.28, 0.3, 0.31, 6.55, 1, 
25, 5, eco1, 0, 18535, 9.2, 13.1, 6.9, 0.1, 6.9, 80.04, 55.17, 47, -24.86, 0.28, 0.1, 0.15, 3.2, 1, 
25, 5, eco2, 1, 37697, 8.6, 14.9, 7.4, 1.5, 5.9, 67.14, 33.53, 30.77, -33.61, 0.28, 0.02, 0.11, 2.82, 1, 
25, 5, eco3, 2, 46903, 7.7, 14.8, 7.3, 1.7, 5.6, 48.96, 23.1, 21.41, -25.86, 0.27, 0.02, 0.12, 2.97, 1, 
25, 5, eco4, 3, 42605, 8.8, 14.9, 7.4, 1, 6.4, 73.85, 36.13, 33.29, -37.72, 0.28, 0.03, 0.12, 2.95, 1, 
25, 5, eco5, 4, 55597, 7.3, 16.7, 8.1, 2.8, 5.3, 44.32, 15.7, 15.81, -28.62, 0.27, 0.01, 0.11, 2.63, 1, 
25, 5, eco6, 5, 18055, 6.1, 14.3, 7.2, 3, 4.2, 19.82, 10.69, 9.68, -9.13, 0.27, 0, 0.12, 2.55, 1, 
25, 5, eco8, 6, 48574, 7.7, 12.7, 6.7, 0.3, 6.4, 64.29, 45.76, 38.75, -18.53, 0.27, 0.06, 0.15, 3.09, 1, 
25, 5, eco9, 7, 25523, 8.2, 12.6, 6.8, 0.2, 6.6, 70.34, 52.98, 44.55, -17.37, 0.28, 0.09, 0.15, 3.08, 1, 
25, 5, eco10, 8, 47012, 8.2, 16.1, 7.8, 1.8, 5.9, 66, 26.69, 25.92, -39.31, 0.28, 0.02, 0.11, 2.78, 1, 
25, 5, eco11, 9, 38983, 7, 13, 6.8, 0.7, 6.1, 52.99, 34.96, 30.04, -18.03, 0.27, 0.04, 0.14, 2.97, 1, 
25, 6, eco1, 0, 18535, 29.5, 19.5, 11.3, 0, 11.3, 177.76, 91.96, 84.43, -85.79, 0.31, 0.33, 0.28, 4.92, 1, 
25, 6, eco2, 1, 37697, 28.9, 21.3, 12.1, 0, 12.1, 200.52, 91.71, 86.94, -108.81, 0.31, 0.25, 0.24, 4.77, 1, 
25, 6, eco3, 2, 46903, 19.8, 21.7, 12.4, 0.3, 12.1, 140.15, 57.96, 56.42, -82.19, 0.29, 0.1, 0.18, 3.24, 1, 
25, 6, eco4, 3, 42605, 26.2, 21.6, 12.3, 0, 12.2, 187.3, 87.42, 82.56, -99.88, 0.3, 0.19, 0.23, 4.4, 1, 
25, 6, eco5, 4, 55597, 18.3, 23.5, 13.5, 1.6, 11.9, 105.84, 38.45, 38.73, -67.39, 0.29, 0.07, 0.17, 2.66, 1, 
25, 6, eco6, 5, 18055, 13.8, 21.3, 12.2, 3.1, 9.1, 64.74, 20.9, 22.31, -43.84, 0.28, 0.04, 0.17, 2.51, 1, 
25, 6, eco8, 6, 48574, 16.8, 19.6, 11.4, 0.6, 10.8, 129.34, 56.95, 54.2, -72.39, 0.29, 0.1, 0.17, 2.82, 1, 
25, 6, eco9, 7, 25523, 22.4, 19.2, 11.1, 0, 11.1, 172.65, 88.88, 81.22, -83.77, 0.3, 0.23, 0.22, 3.7, 1, 
25, 6, eco10, 8, 47012, 23.2, 22.8, 13, 0.1, 12.9, 146.99, 70.12, 65.86, -76.87, 0.3, 0.11, 0.19, 3.58, 1, 
25, 6, eco11, 9, 38983, 14.5, 20, 11.6, 1.8, 9.8, 94.59, 36.04, 35.81, -58.54, 0.29, 0.06, 0.16, 2.69, 1, 
30, 7, eco1, 0, 18535, 32, 20.6, 12.2, 0, 12.2, 149.71, 98.89, 86.22, -50.81, 0.31, 0.3, 0.29, 5.01, 1, 
30, 7, eco2, 1, 37697, 29.4, 22.4, 13.2, 0, 13.2, 155.61, 100.59, 88.43, -55.02, 0.31, 0.21, 0.24, 4.52, 1, 
30, 7, eco3, 2, 46903, 20.7, 23.2, 13.7, 0.6, 13.1, 120.25, 57.75, 54.2, -62.49, 0.3, 0.09, 0.18, 3.03, 1, 
30, 7, eco4, 3, 42605, 24.1, 22.9, 13.5, 0.1, 13.4, 133.26, 85.75, 75.61, -47.51, 0.3, 0.14, 0.2, 3.54, 1, 
30, 7, eco5, 4, 55597, 23, 25, 15, 0.5, 14.6, 112.83, 59.53, 54.16, -53.3, 0.3, 0.1, 0.2, 2.81, 1, 
30, 7, eco6, 5, 18055, 17.1, 22.8, 13.5, 2.2, 11.2, 88.67, 31.04, 32.29, -57.63, 0.29, 0.07, 0.19, 2.5, 1, 
30, 7, eco8, 6, 48574, 20.1, 21.2, 12.6, 0.2, 12.3, 138.02, 71.55, 65.51, -66.47, 0.29, 0.11, 0.19, 2.93, 1, 
30, 7, eco9, 7, 25523, 24, 20.5, 12.2, 0, 12.2, 154.81, 95.84, 84.45, -58.97, 0.3, 0.2, 0.23, 3.57, 1, 
30, 7, eco10, 8, 47012, 23.6, 24.2, 14.4, 0.3, 14.2, 116.65, 71, 63.15, -45.66, 0.3, 0.1, 0.19, 3.17, 1, 
30, 7, eco11, 9, 38983, 18.2, 21.6, 12.8, 1, 11.9, 119.96, 52, 49.87, -67.96, 0.29, 0.08, 0.18, 2.73, 1, 
30, 8, eco1, 0, 18535, 24.1, 20.4, 11.3, 0, 11.3, 118.25, 95.24, 80.35, -23.01, 0.3, 0.22, 0.24, 4.24, 1, 
30, 8, eco2, 1, 37697, 24.4, 22.4, 12.4, 0.1, 12.3, 114.59, 96.76, 81.55, -17.83, 0.3, 0.17, 0.21, 4.19, 1, 
30, 8, eco3, 2, 46903, 16.6, 23.2, 12.9, 2, 10.9, 77.28, 39.79, 36.81, -37.49, 0.29, 0.04, 0.16, 2.88, 1, 
30, 8, eco4, 3, 42605, 20.1, 23, 12.8, 0.3, 12.4, 89, 71.99, 61.25, -17.01, 0.29, 0.09, 0.18, 3.13, 1, 
30, 8, eco5, 4, 55597, 14.7, 25, 14.2, 4.4, 9.8, 58.74, 25.14, 24.18, -33.6, 0.29, 0.02, 0.14, 2.6, 1, 
30, 8, eco6, 5, 18055, 15.1, 22.7, 12.6, 2.6, 10, 72.45, 25.7, 26.65, -46.75, 0.29, 0.04, 0.18, 2.5, 1, 
30, 8, eco8, 6, 48574, 16.5, 21.1, 11.7, 0.9, 10.8, 94.52, 54.58, 48.93, -39.94, 0.29, 0.06, 0.17, 2.68, 1, 
30, 8, eco9, 7, 25523, 19.2, 20.4, 11.4, 0.1, 11.2, 109.53, 81.84, 69.94, -27.69, 0.29, 0.12, 0.19, 3.13, 1, 
30, 8, eco10, 8, 47012, 17.4, 24.3, 13.6, 2.1, 11.6, 71.48, 43.67, 39, -27.82, 0.29, 0.04, 0.15, 2.71, 1, 
30, 8, eco11, 9, 38983, 14.8, 21.5, 12, 2.1, 9.9, 82.65, 36.39, 34.8, -46.26, 0.29, 0.04, 0.16, 2.67, 1, 
30, 9, eco1, 0, 18535, 4.3, 17.7, 8.5, 6.3, 2.2, 10.89, 7.19, 6.18, -3.69, 0.27, 0, 0.08, 2.34, 1, 
30, 9, eco2, 1, 37697, 3.4, 19.6, 9.2, 7.7, 1.5, 4.34, 5.21, 4.08, 0.87, 0.27, 0, 0.07, 2.22, 1, 
30, 9, eco3, 2, 46903, 2.2, 20, 9.3, 8.8, 0.5, 0.63, 2.69, 1.93, 2.06, 0.27, 0, 0.05, 1.91, 1, 
30, 9, eco4, 3, 42605, 3.2, 20, 9.4, 8.3, 1, 0.91, 3.68, 2.65, 2.77, 0.27, 0, 0.06, 2.09, 1, 
30, 9, eco5, 4, 55597, 2, 22, 10.3, 9.8, 0.5, 0.65, 2.56, 1.81, 1.92, 0.27, 0, 0.05, 1.71, 1, 
30, 9, eco6, 5, 18055, 1.7, 19.3, 9.1, 8.7, 0.4, 0.38, 2, 1.43, 1.63, 0.27, 0, 0.06, 1.55, 1, 
30, 9, eco8, 6, 48574, 2.2, 17.8, 8.5, 7.9, 0.6, 0.26, 2.97, 2.09, 2.71, 0.27, 0, 0.06, 1.8, 1, 
30, 9, eco9, 7, 25523, 3, 17.5, 8.4, 7.3, 1.1, 1.74, 4.5, 3.32, 2.76, 0.27, 0, 0.07, 1.96, 1, 
30, 9, eco10, 8, 47012, 3.2, 21.3, 9.9, 9, 1, 0.88, 3.13, 2.25, 2.24, 0.27, 0, 0.05, 1.94, 1, 
30, 9, eco11, 9, 38983, 1.9, 18.1, 8.6, 8.2, 0.4, 0.28, 2.57, 1.81, 2.28, 0.27, 0, 0.05, 1.77, 1, 
30, 10, eco1, 0, 18535, 8.3, 12.3, 5.1, 1.5, 3.6, 22.82, 20.01, 16.23, -2.81, 0.28, 0, 0.09, 2.58, 1, 
30, 10, eco2, 1, 37697, 9.6, 14, 5.4, 1.4, 4.1, 38.68, 29.67, 24.67, -9.01, 0.28, 0.01, 0.09, 2.74, 1, 
30, 10, eco3, 2, 46903, 6.9, 14.2, 5.4, 2.9, 2.5, 11.14, 9.65, 7.87, -1.49, 0.27, 0, 0.08, 2.61, 1, 
30, 10, eco4, 3, 42605, 6.5, 14.1, 5.4, 2.9, 2.5, 11.93, 9.92, 8.14, -2.01, 0.27, 0, 0.08, 2.39, 1, 
30, 10, eco5, 4, 55597, 7.7, 15.6, 5.7, 2.4, 3.3, 20.32, 12.59, 10.81, -7.73, 0.27, 0, 0.09, 2.46, 1, 
30, 10, eco6, 5, 18055, 4.7, 13.6, 5.3, 4, 1.3, 0.55, 2.11, 1.53, 1.56, 0.27, 0, 0.08, 2.04, 1, 
30, 10, eco8, 6, 48574, 8.8, 12.4, 5.1, 1.1, 4, 24.58, 26.4, 20.89, 1.81, 0.28, 0, 0.1, 2.7, 1, 
30, 10, eco9, 7, 25523, 8.5, 12.1, 5.1, 1.1, 4, 23.72, 26.8, 21.17, 3.08, 0.28, 0, 0.1, 2.48, 1, 
30, 10, eco10, 8, 47012, 5.5, 15.1, 5.6, 3.4, 2.1, 9.25, 6.49, 5.46, -2.76, 0.27, 0, 0.06, 2.1, 1, 
30, 10, eco11, 9, 38983, 7.1, 12.6, 5.1, 2.4, 2.7, 11.95, 12.98, 10.25, 1.03, 0.27, 0, 0.09, 2.65, 1, 
30, 11, eco1, 0, 18535, 16.8, 7, 2.3, 0, 2.3, 0, 45.61, 31.59, 45.61, 0.29, 0.14, 0.2, 5.11, 0.99, 
30, 11, eco2, 1, 37697, 14.7, 8.5, 2.4, 0, 2.4, 0, 46.01, 31.89, 46.01, 0.29, 0.07, 0.16, 4.8, 1, 
30, 11, eco3, 2, 46903, 12.1, 8.6, 2.4, 0, 2.4, 0, 40.38, 27.87, 40.38, 0.28, 0.05, 0.16, 4.66, 1, 
30, 11, eco4, 3, 42605, 12.7, 8.7, 2.4, 0, 2.4, 0, 44.14, 30.59, 44.14, 0.28, 0.05, 0.15, 4.46, 1, 
30, 11, eco5, 4, 55597, 11.3, 10.1, 2.5, 0.1, 2.4, 0, 37.45, 25.51, 37.45, 0.28, 0.04, 0.15, 4.24, 1, 
30, 11, eco6, 5, 18055, 10.2, 8.1, 2.3, 0, 2.3, 0, 31.39, 21.86, 31.39, 0.28, 0.03, 0.16, 3.85, 1, 
30, 11, eco8, 6, 48574, 14.9, 7, 2.2, 0, 2.2, 0, 44.27, 30.72, 44.27, 0.29, 0.1, 0.2, 5.25, 0.99, 
30, 11, eco9, 7, 25523, 15.1, 6.9, 2.3, 0, 2.2, 0, 46.86, 32.67, 46.86, 0.29, 0.12, 0.19, 4.86, 0.99, 
30, 11, eco10, 8, 47012, 11.5, 9.6, 2.5, 0.1, 2.4, 0, 38.68, 26.56, 38.68, 0.28, 0.03, 0.13, 4.06, 1, 
30, 11, eco11, 9, 38983, 12.7, 7.1, 2.2, 0, 2.2, 0, 40.55, 28.08, 40.55, 0.28, 0.05, 0.16, 4.9, 1, 
30, 12, eco1, 0, 18535, 15.6, 0.7, 0.1, 0, 0.1, 0, 30.11, 20.93, 30.11, 0.29, 0.02, 0.12, 3.7, 1, 
30, 12, eco2, 1, 37697, 15.8, 2.1, 0.4, 0, 0.4, 0, 30.43, 21.15, 30.43, 0.29, 0.02, 0.12, 4.03, 0.99, 
30, 12, eco3, 2, 46903, 10.9, 2, 0.3, 0, 0.3, 0, 24.16, 16.76, 24.16, 0.28, 0.01, 0.11, 3.79, 1, 
30, 12, eco4, 3, 42605, 13.7, 2.2, 0.4, 0, 0.4, 0, 27.7, 19.25, 27.7, 0.28, 0.02, 0.11, 3.93, 0.99, 
30, 12, eco5, 4, 55597, 10.7, 3.3, 0.4, 0, 0.4, 0, 23.28, 15.91, 23.28, 0.28, 0.01, 0.11, 3.75, 0.99, 
30, 12, eco6, 5, 18055, 7.3, 1.5, 0.2, 0, 0.2, 0, 12.82, 9.01, 12.82, 0.27, 0, 0.1, 2.75, 1, 
30, 12, eco8, 6, 48574, 10, 0.3, 0.1, 0, 0.1, 0, 26.85, 18.71, 26.85, 0.28, 0, 0.11, 3.44, 1, 
30, 12, eco9, 7, 25523, 13.1, 0.3, 0.1, 0, 0.1, 0, 28.28, 19.79, 28.28, 0.28, 0.01, 0.11, 3.35, 1, 
30, 12, eco10, 8, 47012, 12.6, 3, 0.4, 0, 0.4, 0, 23.32, 16.05, 23.32, 0.28, 0.01, 0.11, 3.81, 0.99, 
30, 12, eco11, 9, 38983, 8.7, 0.6, 0.1, 0, 0.1, 0, 25.04, 17.41, 25.04, 0.28, 0, 0.11, 3.52, 1, 
30, 1, eco1, 0, 18535, 9.5, 2.9, 0.8, 0, 0.8, 0, 34.95, 24.3, 34.95, 0.28, 0.07, 0.15, 4.5, 0.99, 
30, 1, eco2, 1, 37697, 8.3, 4.4, 1, 0, 1, 0, 34.94, 24.34, 34.94, 0.28, 0.06, 0.14, 4.65, 0.99, 
30, 1, eco3, 2, 46903, 7.3, 4.3, 0.9, 0, 0.9, 0, 30.3, 21, 30.3, 0.27, 0.03, 0.13, 4.48, 0.99, 
30, 1, eco4, 3, 42605, 7.7, 4.6, 1, 0, 1, 0, 33.78, 23.51, 33.78, 0.27, 0.05, 0.14, 4.61, 0.99, 
30, 1, eco5, 4, 55597, 6.8, 5.8, 1.1, 0, 1.1, 0, 27.94, 19.14, 27.94, 0.27, 0.03, 0.13, 4.35, 0.99, 
30, 1, eco6, 5, 18055, 5.8, 3.6, 0.8, 0, 0.8, 0, 21.05, 14.73, 21.05, 0.27, 0, 0.12, 3.26, 1, 
30, 1, eco8, 6, 48574, 8.2, 2.5, 0.6, 0, 0.6, 0, 32, 22.3, 32, 0.28, 0.02, 0.13, 4.06, 0.99, 
30, 1, eco9, 7, 25523, 8.6, 2.5, 0.7, 0, 0.7, 0, 34.26, 23.96, 34.26, 0.28, 0.05, 0.14, 4.08, 0.99, 
30, 1, eco10, 8, 47012, 7.2, 5.5, 1.1, 0, 1.1, 0, 29.99, 20.68, 29.99, 0.27, 0.03, 0.13, 4.47, 0.99, 
30, 1, eco11, 9, 38983, 7.3, 2.7, 0.7, 0, 0.7, 0, 29.92, 20.81, 29.92, 0.27, 0.02, 0.13, 4.16, 1, 
30, 2, eco1, 0, 18535, 13.3, 3.2, 0.9, 0, 0.9, 0, 35.38, 24.63, 35.38, 0.28, 0.13, 0.17, 4.95, 0.99, 
30, 2, eco2, 1, 37697, 13.7, 4.9, 1.2, 0, 1.2, 0, 36.27, 25.31, 36.27, 0.28, 0.1, 0.16, 5.25, 0.99, 
30, 2, eco3, 2, 46903, 10.2, 4.9, 1.1, 0, 1.1, 0, 31.49, 21.87, 31.49, 0.28, 0.07, 0.15, 5.08, 0.99, 
30, 2, eco4, 3, 42605, 13.3, 5.2, 1.2, 0, 1.2, 0, 35.22, 24.56, 35.22, 0.28, 0.1, 0.17, 5.36, 0.99, 
30, 2, eco5, 4, 55597, 11.5, 6.5, 1.3, 0, 1.3, 0, 30.38, 20.81, 30.38, 0.28, 0.13, 0.21, 6.12, 0.98, 
30, 2, eco6, 5, 18055, 7.3, 4.3, 1, 0, 1, 0, 23.87, 16.72, 23.87, 0.27, 0.02, 0.14, 3.81, 1, 
30, 2, eco8, 6, 48574, 8.8, 2.9, 0.8, 0, 0.8, 0, 33.19, 23.17, 33.19, 0.28, 0.05, 0.15, 4.5, 0.99, 
30, 2, eco9, 7, 25523, 11.2, 2.8, 0.8, 0, 0.8, 0, 35.73, 25.04, 35.73, 0.28, 0.09, 0.16, 4.57, 0.99, 
30, 2, eco10, 8, 47012, 13.5, 6.2, 1.3, 0, 1.3, 0, 32.61, 22.47, 32.61, 0.28, 0.16, 0.21, 6.52, 0.98, 
30, 2, eco11, 9, 38983, 7.7, 3.2, 0.8, 0, 0.8, 0, 31.35, 21.84, 31.35, 0.27, 0.04, 0.15, 4.57, 0.99, 
30, 3, eco1, 0, 18535, 17.1, 5.2, 1.9, 0, 1.9, 0, 39.92, 27.85, 39.92, 0.29, 0.27, 0.24, 6.27, 0.99, 
30, 3, eco2, 1, 37697, 16.2, 6.9, 2.2, 0, 2.2, 0, 41.45, 28.97, 41.45, 0.29, 0.31, 0.26, 7.34, 0.99, 
30, 3, eco3, 2, 46903, 12.2, 7, 2.1, 0, 2.1, 0, 35.82, 24.92, 35.82, 0.28, 0.22, 0.24, 6.87, 0.98, 
30, 3, eco4, 3, 42605, 14.7, 7.2, 2.3, 0, 2.3, 0, 39.84, 27.84, 39.84, 0.29, 0.27, 0.26, 7.3, 0.99, 
30, 3, eco5, 4, 55597, 13.4, 8.6, 2.4, 0, 2.4, 0, 34.36, 23.65, 34.36, 0.28, 0.15, 0.21, 5.7, 0.99, 
30, 3, eco6, 5, 18055, 9.5, 6.4, 2, 0, 2, 0, 28.01, 19.65, 28.01, 0.28, 0.09, 0.19, 4.89, 1, 
30, 3, eco8, 6, 48574, 12.4, 4.7, 1.6, 0, 1.6, 0, 37.58, 26.28, 37.58, 0.28, 0.15, 0.2, 5.68, 0.99, 
30, 3, eco9, 7, 25523, 14.3, 4.7, 1.7, 0, 1.7, 0, 40.2, 28.23, 40.2, 0.29, 0.22, 0.22, 5.76, 0.99, 
30, 3, eco10, 8, 47012, 14.3, 8.1, 2.4, 0, 2.3, 0, 36.48, 25.23, 36.48, 0.29, 0.16, 0.2, 5.97, 0.99, 
30, 3, eco11, 9, 38983, 11.1, 5, 1.7, 0, 1.7, 0, 35.1, 24.49, 35.1, 0.28, 0.14, 0.2, 5.66, 0.99, 
30, 4, eco1, 0, 18535, 16.7, 10, 4.5, 0, 4.5, 40.25, 52.87, 41.1, 12.61, 0.29, 0.46, 0.32, 7.29, 0.99, 
30, 4, eco2, 1, 37697, 15.9, 11.5, 4.7, 0, 4.7, 61.98, 54.06, 44.3, -7.92, 0.29, 0.24, 0.21, 5.45, 1, 
30, 4, eco3, 2, 46903, 12.1, 12, 4.9, 0, 4.8, 62.61, 47.94, 39.99, -14.67, 0.28, 0.15, 0.18, 4.92, 1, 
30, 4, eco4, 3, 42605, 13.8, 11.9, 4.8, 0, 4.8, 64.64, 52.4, 43.44, -12.23, 0.28, 0.18, 0.19, 5.11, 1, 
30, 4, eco5, 4, 55597, 11.9, 13.8, 5.3, 0.1, 5.2, 77.74, 45.46, 39.62, -32.29, 0.28, 0.1, 0.17, 4.28, 1, 
30, 4, eco6, 5, 18055, 10.9, 11.5, 4.7, 0, 4.7, 49.06, 37.92, 31.74, -11.13, 0.28, 0.15, 0.22, 4.58, 1, 
30, 4, eco8, 6, 48574, 13.6, 10.1, 4.5, 0, 4.5, 43.93, 51.69, 40.76, 7.76, 0.28, 0.33, 0.29, 6.71, 0.99, 
30, 4, eco9, 7, 25523, 14.3, 9.7, 4.4, 0, 4.4, 40.92, 54.23, 42.35, 13.31, 0.29, 0.42, 0.31, 6.9, 0.99, 
30, 4, eco10, 8, 47012, 13, 13, 5.1, 0.1, 5, 72.76, 47.96, 40.97, -24.79, 0.28, 0.11, 0.17, 4.62, 1, 
30, 4, eco11, 9, 38983, 12.3, 10.4, 4.5, 0, 4.5, 46.48, 48.24, 38.53, 1.76, 0.28, 0.26, 0.26, 6.14, 1, 
30, 5, eco1, 0, 18535, 9.6, 13.2, 7, 0.1, 6.9, 75.51, 54.33, 46.03, -21.18, 0.28, 0.11, 0.15, 3.14, 1, 
30, 5, eco2, 1, 37697, 9, 14.9, 7.4, 1.3, 6.1, 68.39, 36.65, 33.15, -31.74, 0.28, 0.03, 0.11, 2.83, 1, 
30, 5, eco3, 2, 46903, 7.2, 15.3, 7.5, 2.6, 5, 38.72, 19.01, 17.53, -19.71, 0.27, 0.01, 0.11, 2.89, 1, 
30, 5, eco4, 3, 42605, 8.6, 15.1, 7.4, 1.5, 5.9, 61.06, 30.98, 28.41, -30.08, 0.28, 0.03, 0.11, 2.83, 1, 
30, 5, eco5, 4, 55597, 6.4, 17, 8.1, 3.9, 4.3, 31.74, 12.09, 11.91, -19.65, 0.27, 0.01, 0.1, 2.56, 1, 
30, 5, eco6, 5, 18055, 5.7, 14.9, 7.5, 3.4, 4.1, 18.15, 9.9, 8.99, -8.26, 0.27, 0, 0.12, 2.52, 1, 
30, 5, eco8, 6, 48574, 7, 13.3, 7, 0.7, 6.3, 54.62, 39.55, 33.56, -15.06, 0.27, 0.05, 0.14, 2.82, 1, 
30, 5, eco9, 7, 25523, 8, 13, 6.9, 0.4, 6.5, 61.75, 48.25, 40.51, -13.5, 0.28, 0.08, 0.14, 2.85, 1, 
30, 5, eco10, 8, 47012, 7.6, 16.3, 7.8, 2.7, 5.1, 50.57, 21.18, 20.42, -29.39, 0.27, 0.01, 0.1, 2.65, 1, 
30, 5, eco11, 9, 38983, 6.3, 13.6, 7.1, 1.4, 5.7, 41.33, 27.52, 23.71, -13.81, 0.27, 0.03, 0.13, 2.75, 1, 
30, 6, eco1, 0, 18535, 31.9, 18.3, 10.4, 0, 10.4, 182.07, 86.94, 81.26, -95.13, 0.31, 0.42, 0.31, 5.62, 1, 
30, 6, eco2, 1, 37697, 31.1, 20.1, 11.2, 0, 11.2, 211.01, 90.37, 87.35, -120.64, 0.31, 0.33, 0.27, 5.45, 1, 
30, 6, eco3, 2, 46903, 19.9, 20.8, 11.6, 0.1, 11.5, 158.69, 63.83, 62.81, -94.85, 0.29, 0.13, 0.18, 3.5, 1, 
30, 6, eco4, 3, 42605, 23.3, 20.6, 11.5, 0.1, 11.4, 195.54, 83.71, 81.11, -111.84, 0.3, 0.18, 0.2, 4.05, 1, 
30, 6, eco5, 4, 55597, 15.4, 22.6, 12.6, 2.7, 10, 91.34, 29.88, 31.14, -61.46, 0.29, 0.06, 0.15, 2.63, 1, 
30, 6, eco6, 5, 18055, 17.3, 20.3, 11.3, 0.5, 10.9, 109.17, 39.26, 40.57, -69.91, 0.29, 0.09, 0.2, 2.72, 1, 
30, 6, eco8, 6, 48574, 19.3, 18.7, 10.6, 0, 10.6, 159.1, 74.85, 70.07, -84.25, 0.29, 0.16, 0.2, 3.45, 1, 
30, 6, eco9, 7, 25523, 24.8, 18.2, 10.4, 0, 10.3, 175.67, 88.61, 81.45, -87.06, 0.3, 0.31, 0.25, 4.35, 1, 
30, 6, eco10, 8, 47012, 19.6, 21.9, 12.2, 0.4, 11.8, 145.75, 57.7, 57.32, -88.05, 0.29, 0.09, 0.16, 3.06, 1, 
30, 6, eco11, 9, 38983, 17.3, 19.2, 10.9, 0.2, 10.6, 131.75, 56.32, 54.25, -75.43, 0.29, 0.11, 0.18, 3.04, 1, 
35, 7, eco1, 0, 18535, 14.6, 20.1, 11.8, 2.6, 9.2, 87.3, 32.25, 32.28, -55.05, 0.29, 0.04, 0.14, 2.5, 1, 
35, 7, eco2, 1, 37697, 11, 22.1, 12.9, 6.6, 6.3, 34.18, 14.49, 13.98, -19.68, 0.28, 0.01, 0.1, 2.53, 1, 
35, 7, eco3, 2, 46903, 10.2, 22.2, 13, 6.9, 6.1, 26.91, 11.96, 11.4, -14.95, 0.28, 0.01, 0.11, 2.79, 1, 
35, 7, eco4, 3, 42605, 10.2, 22.3, 13, 7.1, 6, 28.76, 12.64, 12.08, -16.11, 0.28, 0.01, 0.1, 2.6, 1, 
35, 7, eco5, 4, 55597, 8.7, 24.4, 14.5, 9.5, 5, 12.97, 7.85, 6.9, -5.12, 0.28, 0, 0.1, 2.51, 1, 
35, 7, eco6, 5, 18055, 8.8, 21.7, 12.7, 7.5, 5.2, 10.35, 6.97, 6.11, -3.38, 0.28, 0.01, 0.12, 2.46, 1, 
35, 7, eco8, 6, 48574, 12.6, 20, 11.8, 3.6, 8.2, 66.95, 25.73, 25.41, -41.22, 0.28, 0.03, 0.13, 2.55, 1, 
35, 7, eco9, 7, 25523, 12.7, 19.6, 11.6, 3.4, 8.1, 70.42, 26.94, 26.55, -43.48, 0.28, 0.03, 0.13, 2.4, 1, 
35, 7, eco10, 8, 47012, 9.5, 23.6, 13.9, 8.6, 5.4, 21.65, 10.12, 9.53, -11.54, 0.28, 0, 0.09, 2.55, 1, 
35, 7, eco11, 9, 38983, 11, 20.4, 12, 4.9, 7.1, 44.39, 17, 16.84, -27.39, 0.28, 0.02, 0.13, 2.63, 1, 
35, 8, eco1, 0, 18535, 9.8, 19.3, 10.6, 5.2, 5.4, 32.12, 12.64, 12.39, -19.49, 0.28, 0, 0.1, 2.48, 1, 
35, 8, eco2, 1, 37697, 9.3, 21.3, 11.6, 6.8, 4.8, 20.34, 10.56, 9.66, -9.78, 0.28, 0, 0.09, 2.5, 1, 
35, 8, eco3, 2, 46903, 8.8, 21.7, 11.8, 7, 4.8, 17.3, 9.39, 8.52, -7.92, 0.28, 0, 0.1, 2.77, 1, 
35, 8, eco4, 3, 42605, 8.8, 21.6, 11.8, 7.2, 4.6, 18.26, 9.71, 8.84, -8.56, 0.28, 0, 0.09, 2.58, 1, 
35, 8, eco5, 4, 55597, 10.1, 23.9, 13.2, 7.1, 6.1, 28.45, 11.38, 11.1, -17.07, 0.28, 0.01, 0.11, 2.54, 1, 
35, 8, eco6, 5, 18055, 8.9, 21.1, 11.5, 6.3, 5.2, 14.65, 7.73, 7.14, -6.92, 0.28, 0.01, 0.12, 2.47, 1, 
35, 8, eco8, 6, 48574, 10.4, 19.5, 10.7, 4.2, 6.5, 44.65, 18.62, 17.97, -26.03, 0.28, 0.01, 0.12, 2.54, 1, 
35, 8, eco9, 7, 25523, 9.5, 19, 10.5, 5, 5.5, 33.38, 14.68, 13.92, -18.7, 0.28, 0.01, 0.11, 2.38, 1, 
35, 8, eco10, 8, 47012, 9.1, 23, 12.6, 7.7, 4.9, 21.26, 9.98, 9.39, -11.28, 0.28, 0, 0.09, 2.53, 1, 
35, 8, eco11, 9, 38983, 10.5, 19.9, 10.9, 4.2, 6.7, 44.22, 17.47, 17.16, -26.74, 0.28, 0.01, 0.13, 2.65, 1, 
35, 9, eco1, 0, 18535, 14.9, 16, 7.5, 0, 7.5, 81.57, 65.99, 54.55, -15.59, 0.29, 0.06, 0.15, 3.14, 1, 
35, 9, eco2, 1, 37697, 13.7, 17.8, 8.1, 0.7, 7.4, 88.39, 50.94, 45.22, -37.45, 0.28, 0.03, 0.12, 2.93, 1, 
35, 9, eco3, 2, 46903, 10.6, 18.2, 8.3, 2.2, 6.1, 52.58, 22.63, 21.56, -29.95, 0.28, 0.01, 0.11, 2.88, 1, 
35, 9, eco4, 3, 42605, 12.7, 18.2, 8.3, 1, 7.3, 75.71, 41.17, 37.03, -34.54, 0.28, 0.02, 0.12, 2.85, 1, 
35, 9, eco5, 4, 55597, 14.4, 19.9, 8.9, 0.4, 8.5, 101.26, 46.19, 43.22, -55.07, 0.29, 0.04, 0.14, 2.96, 1, 
35, 9, eco6, 5, 18055, 7.4, 17.7, 8.1, 4.4, 3.7, 11.98, 6.89, 6.18, -5.09, 0.27, 0, 0.11, 2.5, 1, 
35, 9, eco8, 6, 48574, 10.4, 16.2, 7.6, 1.3, 6.3, 51.71, 30.08, 26.49, -21.63, 0.28, 0.01, 0.12, 2.63, 1, 
35, 9, eco9, 7, 25523, 12.2, 15.8, 7.5, 0.5, 7, 66.94, 47.09, 39.92, -19.85, 0.28, 0.03, 0.13, 2.67, 1, 
35, 9, eco10, 8, 47012, 13, 19.5, 8.8, 1.3, 7.5, 73.93, 38.4, 34.99, -35.53, 0.28, 0.02, 0.12, 2.8, 1, 
35, 9, eco11, 9, 38983, 8.6, 16.5, 7.7, 2.9, 4.9, 31.36, 16.28, 14.71, -15.08, 0.28, 0, 0.11, 2.68, 1, 
35, 10, eco1, 0, 18535, 0.5, 11.9, 4.9, 4.8, 0.1, 0.05, 2.04, 1.41, 1.99, 0.26, 0, 0.04, 1.32, 1, 
35, 10, eco2, 1, 37697, 0.5, 13.6, 5.2, 5.1, 0.1, 0.08, 2.1, 1.46, 2.02, 0.26, 0, 0.03, 1.23, 1, 
35, 10, eco3, 2, 46903, 0.2, 13.6, 5.2, 5.2, 0, 0.11, 1.81, 1.26, 1.7, 0.26, 0, 0.03, 1.27, 1, 
35, 10, eco4, 3, 42605, 0.4, 13.8, 5.3, 5.2, 0.1, 0.1, 2.02, 1.41, 1.91, 0.26, 0, 0.03, 1.24, 1, 
35, 10, eco5, 4, 55597, 0.4, 15.3, 5.6, 5.5, 0.1, 0.17, 1.77, 1.23, 1.6, 0.26, 0, 0.04, 1.37, 1, 
35, 10, eco6, 5, 18055, 0.1, 13.2, 5.1, 5.1, 0, 0.08, 1.4, 0.99, 1.32, 0.26, 0, 0.04, 1.06, 1, 
35, 10, eco8, 6, 48574, 0.2, 11.8, 4.9, 4.8, 0.1, 0.04, 1.93, 1.34, 1.89, 0.26, 0, 0.04, 1.18, 1, 
35, 10, eco9, 7, 25523, 0.4, 11.6, 4.9, 4.8, 0.1, 0.04, 2.04, 1.43, 2, 0.26, 0, 0.04, 1.17, 1, 
35, 10, eco10, 8, 47012, 0.3, 14.9, 5.5, 5.4, 0.1, 0.19, 1.88, 1.31, 1.69, 0.26, 0, 0.03, 1.22, 1, 
35, 10, eco11, 9, 38983, 0.2, 12.1, 4.9, 4.9, 0, 0.05, 1.8, 1.25, 1.74, 0.26, 0, 0.04, 1.22, 1, 
35, 11, eco1, 0, 18535, 20.1, 4.8, 1.4, 0, 1.4, 0, 39.92, 27.57, 39.92, 0.29, 0.04, 0.14, 4.26, 0.99, 
35, 11, eco2, 1, 37697, 18.2, 6.4, 1.6, 0, 1.6, 0, 41.42, 28.67, 41.42, 0.29, 0.13, 0.19, 5.48, 0.99, 
35, 11, eco3, 2, 46903, 11.6, 6.4, 1.6, 0, 1.6, 0, 29.8, 20.66, 29.8, 0.28, 0.01, 0.11, 3.69, 1, 
35, 11, eco4, 3, 42605, 15.7, 6.6, 1.7, 0, 1.7, 0, 40.24, 27.84, 40.24, 0.29, 0.09, 0.17, 5.13, 0.99, 
35, 11, eco5, 4, 55597, 13.4, 7.9, 1.8, 0, 1.7, 0, 34.18, 23.51, 34.18, 0.28, 0.07, 0.16, 4.73, 0.99, 
35, 11, eco6, 5, 18055, 8.2, 5.9, 1.5, 0, 1.5, 0, 13.6, 9.54, 13.6, 0.28, 0, 0.09, 2.59, 1, 
35, 11, eco8, 6, 48574, 11, 4.7, 1.4, 0, 1.4, 0, 28.25, 19.64, 28.25, 0.28, 0, 0.09, 3.02, 1, 
35, 11, eco9, 7, 25523, 15.5, 4.6, 1.4, 0, 1.4, 0, 36.89, 25.66, 36.89, 0.29, 0.01, 0.12, 3.54, 1, 
35, 11, eco10, 8, 47012, 15.1, 7.5, 1.8, 0, 1.8, 0, 36.94, 25.43, 36.94, 0.29, 0.07, 0.16, 4.99, 0.99, 
35, 11, eco11, 9, 38983, 9.2, 4.9, 1.4, 0, 1.4, 0, 21.9, 15.23, 21.9, 0.28, 0, 0.09, 2.84, 1, 
35, 12, eco1, 0, 18535, 9.8, -2.1, 0, 0, 0, 0, 0.86, 0.59, 0.86, 0.28, 0, 0.09, 2.84, 1, 
35, 12, eco2, 1, 37697, 9, -0.8, 0, 0, 0, 0, 0.88, 0.61, 0.88, 0.28, 0, 0.08, 2.91, 1, 
35, 12, eco3, 2, 46903, 6.2, -1, 0, 0, 0, 0, 0.75, 0.52, 0.75, 0.27, 0, 0.07, 2.57, 1, 
35, 12, eco4, 3, 42605, 7.9, -0.5, 0, 0, 0, 0, 0.85, 0.59, 0.85, 0.28, 0, 0.08, 2.92, 1, 
35, 12, eco5, 4, 55597, 5.8, 0.2, 0, 0, 0, 0, 14.5, 10.02, 14.5, 0.27, 0, 0.08, 2.71, 1, 
35, 12, eco6, 5, 18055, 4.7, -1.4, 0, 0, 0, 0, 0.59, 0.41, 0.59, 0.27, 0, 0.06, 1.75, 1, 
35, 12, eco8, 6, 48574, 6.2, -2.6, 0, 0, 0, 0, 0.81, 0.57, 0.81, 0.27, 0, 0.06, 2.03, 1, 
35, 12, eco9, 7, 25523, 8.3, -2.5, 0, 0, 0, 0, 0.87, 0.61, 0.87, 0.28, 0, 0.08, 2.36, 1, 
35, 12, eco10, 8, 47012, 7.4, 0.3, 0, 0, 0, 0, 17.68, 12.23, 17.68, 0.27, 0, 0.08, 2.92, 1, 
35, 12, eco11, 9, 38983, 5.2, -2.4, 0, 0, 0, 0, 0.76, 0.52, 0.76, 0.27, 0, 0.06, 1.94, 1, 
35, 1, eco1, 0, 18535, 15.4, 0.5, 0.1, 0, 0.1, 0, 30.94, 21.41, 30.94, 0.29, 0.06, 0.14, 4.38, 1, 
35, 1, eco2, 1, 37697, 16.1, 2.1, 0.4, 0, 0.4, 0, 31.22, 21.64, 31.22, 0.29, 0.04, 0.13, 4.34, 0.99, 
35, 1, eco3, 2, 46903, 11.6, 1.7, 0.3, 0, 0.3, 0, 25.07, 17.4, 25.07, 0.28, 0.02, 0.12, 4.04, 1, 
35, 1, eco4, 3, 42605, 15, 2.2, 0.4, 0, 0.4, 0, 30.17, 20.89, 30.17, 0.29, 0.04, 0.13, 4.4, 0.99, 
35, 1, eco5, 4, 55597, 12.3, 3.2, 0.4, 0, 0.4, 0, 24.12, 16.65, 24.12, 0.28, 0.02, 0.12, 4.06, 0.99, 
35, 1, eco6, 5, 18055, 9.1, 0.9, 0.1, 0, 0.1, 0, 14.39, 10.09, 14.39, 0.28, 0, 0.1, 2.86, 1, 
35, 1, eco8, 6, 48574, 11, -0.3, 0, 0, 0, 0, 0.94, 0.65, 0.94, 0.28, 0, 0.1, 3.2, 1, 
35, 1, eco9, 7, 25523, 13.5, -0.1, 0, 0, 0, 0, 1.01, 0.7, 1.01, 0.28, 0.02, 0.12, 3.71, 1, 
35, 1, eco10, 8, 47012, 14.3, 3.1, 0.5, 0, 0.5, 0, 26.79, 18.52, 26.79, 0.29, 0.03, 0.13, 4.44, 0.99, 
35, 1, eco11, 9, 38983, 9.9, -0.1, 0, 0, 0, 0, 0.87, 0.6, 0.87, 0.28, 0, 0.1, 3.07, 1, 
35, 2, eco1, 0, 18535, 8.7, 4.4, 1.3, 0, 1.3, 0, 39.17, 27.08, 39.17, 0.28, 0.23, 0.23, 6.2, 0.99, 
35, 2, eco2, 1, 37697, 8.1, 6.1, 1.6, 0, 1.6, 0, 40.28, 27.98, 40.28, 0.28, 0.18, 0.19, 5.9, 0.99, 
35, 2, eco3, 2, 46903, 6.6, 6, 1.5, 0, 1.5, 0, 34.89, 24.19, 34.89, 0.27, 0.14, 0.18, 5.74, 0.99, 
35, 2, eco4, 3, 42605, 7.6, 6.4, 1.7, 0, 1.7, 0, 39.26, 27.26, 39.26, 0.27, 0.16, 0.19, 5.97, 0.99, 
35, 2, eco5, 4, 55597, 6.2, 7.6, 1.7, 0, 1.7, 0, 33.37, 23.07, 33.37, 0.27, 0.13, 0.19, 5.78, 0.99, 
35, 2, eco6, 5, 18055, 6.2, 5.5, 1.5, 0, 1.5, 0, 27.38, 19.12, 27.38, 0.27, 0.09, 0.18, 4.76, 0.99, 
35, 2, eco8, 6, 48574, 6.8, 4, 1.2, 0, 1.2, 0, 37.61, 26.09, 37.61, 0.27, 0.1, 0.18, 5.28, 0.99, 
35, 2, eco9, 7, 25523, 7.9, 4, 1.2, 0, 1.2, 0, 39.77, 27.63, 39.77, 0.28, 0.18, 0.22, 5.68, 0.99, 
35, 2, eco10, 8, 47012, 7.1, 7.3, 1.8, 0, 1.8, 0, 36.07, 24.97, 36.07, 0.27, 0.13, 0.18, 5.87, 0.99, 
35, 2, eco11, 9, 38983, 6.5, 4.4, 1.3, 0, 1.3, 0, 35, 24.24, 35, 0.27, 0.09, 0.17, 5.18, 0.99, 
35, 3, eco1, 0, 18535, 14.7, 8.1, 3.3, 0, 3.3, 0, 48.73, 33.79, 48.73, 0.29, 0.38, 0.3, 7.34, 0.99, 
35, 3, eco2, 1, 37697, 14.3, 9.8, 3.6, 0, 3.6, 0, 50.6, 35.27, 50.6, 0.29, 0.26, 0.22, 5.99, 0.99, 
35, 3, eco3, 2, 46903, 10.9, 9.7, 3.5, 0, 3.5, 0, 43.54, 30.33, 43.54, 0.28, 0.2, 0.2, 5.68, 0.99, 
35, 3, eco4, 3, 42605, 12.8, 9.9, 3.6, 0, 3.5, 0, 48.19, 33.6, 48.19, 0.28, 0.22, 0.21, 5.78, 0.99, 
35, 3, eco5, 4, 55597, 11.2, 11.5, 3.8, 0.1, 3.8, 0.13, 41.61, 28.96, 41.48, 0.28, 0.12, 0.18, 4.7, 1, 
35, 3, eco6, 5, 18055, 9.6, 9.2, 3.4, 0, 3.4, 0, 34.07, 23.9, 34.07, 0.28, 0.17, 0.22, 4.9, 1, 
35, 3, eco8, 6, 48574, 10.8, 7.7, 3.1, 0, 3.1, 0, 46.65, 32.46, 46.65, 0.28, 0.24, 0.26, 6.57, 0.99, 
35, 3, eco9, 7, 25523, 12.7, 7.6, 3.1, 0, 3.1, 0, 49.45, 34.44, 49.45, 0.28, 0.34, 0.3, 7.08, 0.99, 
35, 3, eco10, 8, 47012, 12.1, 10.9, 3.7, 0, 3.7, 0.04, 44.49, 30.96, 44.45, 0.28, 0.16, 0.19, 5.32, 1, 
35, 3, eco11, 9, 38983, 9.9, 8.1, 3.2, 0, 3.2, 0, 43.81, 30.43, 43.81, 0.28, 0.2, 0.24, 6.07, 1, 
35, 4, eco1, 0, 18535, 20.2, 9.6, 4.3, 0, 4.3, 37.53, 53, 40.73, 15.47, 0.29, 0.33, 0.27, 6.07, 0.99, 
35, 4, eco2, 1, 37697, 19.5, 11.2, 4.6, 0, 4.6, 59.62, 54.88, 44.48, -4.74, 0.29, 0.28, 0.22, 5.8, 1, 
35, 4, eco3, 2, 46903, 16.2, 11.2, 4.5, 0, 4.5, 56.03, 47.52, 38.95, -8.52, 0.29, 0.23, 0.22, 5.65, 1, 
35, 4, eco4, 3, 42605, 18.6, 11.3, 4.5, 0, 4.5, 58.63, 52.25, 42.54, -6.38, 0.29, 0.26, 0.23, 5.86, 1, 
35, 4, eco5, 4, 55597, 16.2, 12.9, 4.8, 0, 4.8, 70.43, 45.4, 38.94, -25.03, 0.29, 0.18, 0.21, 5.15, 1, 
35, 4, eco6, 5, 18055, 12.8, 10.7, 4.4, 0, 4.4, 43.52, 36.97, 30.48, -6.56, 0.28, 0.16, 0.22, 4.49, 1, 
35, 4, eco8, 6, 48574, 16.4, 9.3, 4.1, 0, 4.1, 38.36, 51.05, 39.57, 12.69, 0.29, 0.24, 0.25, 5.77, 1, 
35, 4, eco9, 7, 25523, 18.4, 9.1, 4.1, 0, 4.1, 36.49, 53.69, 41.25, 17.2, 0.29, 0.31, 0.27, 5.87, 0.99, 
35, 4, eco10, 8, 47012, 17.7, 12.3, 4.7, 0, 4.7, 67.25, 48.33, 40.67, -18.92, 0.29, 0.21, 0.21, 5.58, 1, 
35, 4, eco11, 9, 38983, 14.5, 9.7, 4.2, 0, 4.2, 40.96, 47.82, 37.54, 6.87, 0.29, 0.2, 0.23, 5.44, 1, 
35, 5, eco1, 0, 18535, 11.6, 16.7, 9.2, 0.6, 8.6, 105.56, 51.19, 47.35, -54.37, 0.28, 0.1, 0.15, 2.71, 1, 
35, 5, eco2, 1, 37697, 7.7, 18.3, 9.8, 3.9, 5.9, 57.26, 23.9, 23.21, -33.36, 0.27, 0.02, 0.11, 2.6, 1, 
35, 5, eco3, 2, 46903, 7.5, 18.4, 9.9, 3.9, 6, 49.02, 19.82, 19.43, -29.2, 0.27, 0.02, 0.12, 2.84, 1, 
35, 5, eco4, 3, 42605, 8.4, 18.4, 9.8, 3.1, 6.7, 68.37, 27.86, 27.27, -40.51, 0.28, 0.03, 0.12, 2.69, 1, 
35, 5, eco5, 4, 55597, 7, 20.2, 10.7, 5.2, 5.5, 44.36, 14.71, 15.34, -29.65, 0.27, 0.01, 0.11, 2.57, 1, 
35, 5, eco6, 5, 18055, 7.4, 18, 9.7, 4.1, 5.6, 29.36, 12.06, 11.94, -17.3, 0.27, 0.01, 0.13, 2.51, 1, 
35, 5, eco8, 6, 48574, 8.7, 16.5, 9.2, 1.7, 7.4, 63.43, 35.5, 31.77, -27.93, 0.28, 0.05, 0.14, 2.6, 1, 
35, 5, eco9, 7, 25523, 9.7, 16.3, 9.1, 1.2, 7.9, 75.68, 43.71, 38.75, -31.97, 0.28, 0.07, 0.14, 2.52, 1, 
35, 5, eco10, 8, 47012, 7.7, 19.5, 10.3, 4.4, 6, 60.35, 21.37, 21.96, -38.98, 0.27, 0.02, 0.11, 2.62, 1, 
35, 5, eco11, 9, 38983, 8.3, 16.8, 9.3, 2.3, 7, 53.6, 27.38, 25.09, -26.22, 0.28, 0.03, 0.13, 2.67, 1, 
35, 6, eco1, 0, 18535, 15.8, 18.8, 10.7, 0.9, 9.8, 116.73, 46.2, 45.23, -70.53, 0.29, 0.08, 0.15, 2.62, 1, 
35, 6, eco2, 1, 37697, 13.3, 20.7, 11.6, 3.7, 8, 72.25, 26.38, 26.63, -45.87, 0.28, 0.03, 0.12, 2.62, 1, 
35, 6, eco3, 2, 46903, 11.7, 21.1, 11.9, 4.7, 7.3, 50.13, 17.78, 18.11, -32.35, 0.28, 0.02, 0.12, 2.83, 1, 
35, 6, eco4, 3, 42605, 14.5, 20.8, 11.7, 2.5, 9.2, 90.61, 33.34, 33.62, -57.27, 0.29, 0.04, 0.13, 2.7, 1, 
35, 6, eco5, 4, 55597, 9.6, 23.1, 13.2, 7.4, 5.7, 25.02, 10.04, 9.81, -14.98, 0.28, 0.01, 0.11, 2.54, 1, 
35, 6, eco6, 5, 18055, 10.3, 20.7, 11.7, 5.2, 6.5, 27.65, 10.53, 10.65, -17.12, 0.28, 0.02, 0.14, 2.49, 1, 
35, 6, eco8, 6, 48574, 12.9, 19.3, 11.1, 2.6, 8.5, 75.23, 29.84, 29.13, -45.39, 0.28, 0.04, 0.14, 2.55, 1, 
35, 6, eco9, 7, 25523, 13.7, 18.6, 10.7, 1.9, 8.8, 88.5, 36.26, 34.96, -52.24, 0.28, 0.05, 0.14, 2.43, 1, 
35, 6, eco10, 8, 47012, 13.4, 22.1, 12.5, 4.2, 8.3, 72.18, 24.47, 25.44, -47.71, 0.28, 0.02, 0.12, 2.66, 1, 
35, 6, eco11, 9, 38983, 11.2, 19.7, 11.3, 4, 7.3, 50.93, 19.45, 19.26, -31.48, 0.28, 0.02, 0.13, 2.65, 1, 
40, 7, eco1, 0, 18535, 20.2, 19.7, 11.6, 0.1, 11.5, 130.31, 73.74, 66.52, -56.58, 0.29, 0.11, 0.18, 3.03, 1, 
40, 7, eco2, 1, 37697, 17.7, 21.5, 12.5, 1.3, 11.2, 104.76, 48.75, 46.24, -56.01, 0.29, 0.05, 0.14, 2.69, 1, 
40, 7, eco3, 2, 46903, 16.4, 21.9, 12.7, 2.1, 10.7, 93.11, 37.38, 36.9, -55.73, 0.29, 0.05, 0.15, 2.85, 1, 
40, 7, eco4, 3, 42605, 16.9, 21.9, 12.8, 1.8, 10.9, 97.19, 43.3, 41.59, -53.89, 0.29, 0.05, 0.15, 2.7, 1, 
40, 7, eco5, 4, 55597, 16.9, 23.8, 14, 3, 11, 88.09, 34.51, 34.11, -53.58, 0.29, 0.05, 0.15, 2.62, 1, 
40, 7, eco6, 5, 18055, 15.5, 21.5, 12.5, 2.3, 10.2, 77.8, 27.03, 28.17, -50.77, 0.29, 0.05, 0.18, 2.5, 1, 
40, 7, eco8, 6, 48574, 18.6, 19.8, 11.6, 0.2, 11.4, 130.06, 66.28, 61.24, -63.79, 0.29, 0.09, 0.18, 2.95, 1, 
40, 7, eco9, 7, 25523, 18.7, 19.4, 11.5, 0.3, 11.2, 127.07, 68.48, 62.25, -58.59, 0.29, 0.1, 0.18, 2.81, 1, 
40, 7, eco10, 8, 47012, 16.7, 23.2, 13.6, 2.8, 10.8, 84.74, 37.24, 35.95, -47.51, 0.29, 0.04, 0.14, 2.66, 1, 
40, 7, eco11, 9, 38983, 17.6, 20.1, 11.8, 0.5, 11.2, 118.25, 53.24, 50.81, -65.01, 0.29, 0.07, 0.18, 2.82, 1, 
40, 8, eco1, 0, 18535, 14.9, 19.9, 11.1, 1.5, 9.5, 80.6, 41.74, 38.44, -38.86, 0.29, 0.04, 0.14, 2.56, 1, 
40, 8, eco2, 1, 37697, 12.2, 21.9, 12, 4.8, 7.2, 46.34, 21, 20.03, -25.33, 0.28, 0.01, 0.11, 2.6, 1, 
40, 8, eco3, 2, 46903, 9.2, 22.4, 12.3, 7.2, 5.2, 18.68, 10.12, 9.24, -8.56, 0.28, 0, 0.11, 2.79, 1, 
40, 8, eco4, 3, 42605, 10.9, 22.1, 12.2, 5.7, 6.5, 36.11, 16.26, 15.54, -19.85, 0.28, 0.01, 0.11, 2.63, 1, 
40, 8, eco5, 4, 55597, 7.2, 24.1, 13.4, 9.7, 3.7, 6.61, 6.1, 5, -0.51, 0.27, 0, 0.09, 2.48, 1, 
40, 8, eco6, 5, 18055, 8.1, 22, 12.1, 7.6, 4.5, 7.24, 6.28, 5.27, -0.96, 0.28, 0, 0.12, 2.46, 1, 
40, 8, eco8, 6, 48574, 9.7, 20.3, 11.3, 5, 6.3, 38.92, 17.16, 16.44, -21.76, 0.28, 0.01, 0.12, 2.53, 1, 
40, 8, eco9, 7, 25523, 11.7, 19.7, 11, 3.3, 7.6, 59.27, 26.39, 25.12, -32.88, 0.28, 0.02, 0.13, 2.4, 1, 
40, 8, eco10, 8, 47012, 9.6, 23.3, 12.9, 7.5, 5.4, 23.96, 11.46, 10.79, -12.49, 0.28, 0, 0.1, 2.57, 1, 
40, 8, eco11, 9, 38983, 9.1, 20.7, 11.5, 5.8, 5.7, 27.72, 12.94, 12.23, -14.77, 0.28, 0, 0.12, 2.62, 1, 
40, 9, eco1, 0, 18535, 16.6, 15.1, 7, 0, 7, 76.72, 73.71, 59.49, -3.01, 0.29, 0.08, 0.17, 3.64, 1, 
40, 9, eco2, 1, 37697, 15.2, 17, 7.6, 0.2, 7.4, 83.84, 68.33, 56.66, -15.51, 0.29, 0.04, 0.14, 3.32, 1, 
40, 9, eco3, 2, 46903, 10.7, 17.2, 7.7, 1.6, 6.1, 51.71, 26.88, 24.37, -24.83, 0.28, 0.01, 0.12, 2.95, 1, 
40, 9, eco4, 3, 42605, 12.4, 17.3, 7.7, 0.8, 6.9, 60.69, 42.99, 36.61, -17.7, 0.28, 0.02, 0.12, 2.92, 1, 
40, 9, eco5, 4, 55597, 10.1, 19.1, 8.3, 2.6, 5.8, 48.16, 20.37, 19.35, -27.79, 0.28, 0.01, 0.11, 2.63, 1, 
40, 9, eco6, 5, 18055, 8.3, 16.6, 7.4, 3, 4.4, 23.05, 10.85, 10.13, -12.2, 0.28, 0, 0.12, 2.56, 1, 
40, 9, eco8, 6, 48574, 9.6, 15, 7, 1.5, 5.5, 41.26, 27.09, 23.31, -14.17, 0.28, 0.01, 0.11, 2.65, 1, 
40, 9, eco9, 7, 25523, 12.6, 14.7, 6.9, 0.2, 6.7, 60.32, 54.92, 44.75, -5.4, 0.28, 0.03, 0.14, 2.88, 1, 
40, 9, eco10, 8, 47012, 11.2, 18.5, 8.2, 1.9, 6.3, 51.41, 30.52, 26.92, -20.89, 0.28, 0.01, 0.11, 2.74, 1, 
40, 9, eco11, 9, 38983, 8.4, 15.4, 7.1, 2.4, 4.6, 30.19, 17.65, 15.54, -12.54, 0.28, 0, 0.11, 2.72, 1, 
40, 10, eco1, 0, 18535, 8.3, 9.7, 3.9, 0.4, 3.5, 37.33, 41.4, 32.65, 4.07, 0.28, 0.01, 0.11, 3.07, 1, 
40, 10, eco2, 1, 37697, 6.7, 11.2, 4.1, 1.3, 2.8, 28.27, 23.76, 19.38, -4.51, 0.27, 0, 0.08, 2.64, 1, 
40, 10, eco3, 2, 46903, 3.7, 11.5, 4.1, 3.1, 1, 2.02, 3.48, 2.62, 1.46, 0.27, 0, 0.07, 2.36, 1, 
40, 10, eco4, 3, 42605, 5, 11.5, 4.1, 2.4, 1.7, 9.59, 8.93, 7.18, -0.66, 0.27, 0, 0.07, 2.41, 1, 
40, 10, eco5, 4, 55597, 4.1, 13.2, 4.5, 3.1, 1.4, 4.69, 4.29, 3.42, -0.4, 0.27, 0, 0.07, 2.21, 1, 
40, 10, eco6, 5, 18055, 2.3, 10.9, 4, 3.5, 0.5, 0.06, 1.4, 0.97, 1.34, 0.27, 0, 0.06, 1.78, 1, 
40, 10, eco8, 6, 48574, 4, 9.8, 3.9, 2.7, 1.2, 2.61, 5.1, 3.83, 2.49, 0.27, 0, 0.07, 2.27, 1, 
40, 10, eco9, 7, 25523, 5.7, 9.5, 3.8, 1.5, 2.4, 14.8, 19.86, 15.41, 5.06, 0.27, 0, 0.09, 2.4, 1, 
40, 10, eco10, 8, 47012, 4.4, 12.5, 4.3, 2.8, 1.5, 6.93, 5.85, 4.74, -1.07, 0.27, 0, 0.06, 2.21, 1, 
40, 10, eco11, 9, 38983, 3, 10, 3.9, 3.1, 0.8, 0.4, 2.43, 1.74, 2.03, 0.27, 0, 0.07, 2.13, 1, 
40, 11, eco1, 0, 18535, 9.4, 8.7, 3, 0.1, 2.9, 0, 47.85, 33.33, 47.84, 0.28, 0.03, 0.12, 3.4, 1, 
40, 11, eco2, 1, 37697, 7.9, 10.3, 3.2, 0.6, 2.6, 0.01, 34.79, 24.16, 34.78, 0.28, 0.01, 0.09, 2.85, 1, 
40, 11, eco3, 2, 46903, 4.4, 10.3, 3.1, 1.9, 1.3, 0, 7.1, 4.92, 7.1, 0.27, 0, 0.07, 2.3, 1, 
40, 11, eco4, 3, 42605, 6.6, 10.4, 3.2, 1, 2.2, 0, 24.59, 17.07, 24.59, 0.27, 0, 0.08, 2.62, 1, 
40, 11, eco5, 4, 55597, 4.9, 12.2, 3.4, 1.8, 1.7, 0.08, 10.82, 7.42, 10.74, 0.27, 0, 0.07, 2.25, 1, 
40, 11, eco6, 5, 18055, 2.7, 9.7, 3, 2.4, 0.6, 0, 1.28, 0.89, 1.28, 0.27, 0, 0.06, 1.59, 1, 
40, 11, eco8, 6, 48574, 5, 8.5, 2.9, 1.3, 1.6, 0, 13.01, 9.08, 13.01, 0.27, 0, 0.08, 2.34, 1, 
40, 11, eco9, 7, 25523, 6.7, 8.3, 2.9, 0.6, 2.3, 0, 32.96, 23.08, 32.96, 0.27, 0, 0.09, 2.59, 1, 
40, 11, eco10, 8, 47012, 6.2, 11.4, 3.3, 1.1, 2.2, 0.05, 22.53, 15.54, 22.48, 0.27, 0, 0.07, 2.44, 1, 
40, 11, eco11, 9, 38983, 3.7, 8.8, 2.9, 2.3, 0.6, 0, 7.2, 5.02, 7.2, 0.27, 0, 0.07, 2.25, 1, 
40, 12, eco1, 0, 18535, 12.5, 4.4, 1.3, 0, 1.3, 0, 37.11, 25.9, 37.11, 0.28, 0.02, 0.12, 3.7, 1, 
40, 12, eco2, 1, 37697, 11.4, 5.8, 1.4, 0, 1.4, 0, 36.98, 25.72, 36.98, 0.28, 0.02, 0.1, 3.59, 1, 
40, 12, eco3, 2, 46903, 8.3, 5.9, 1.4, 0, 1.4, 0, 24.47, 16.98, 24.47, 0.28, 0, 0.09, 3.16, 1, 
40, 12, eco4, 3, 42605, 10.7, 6, 1.5, 0, 1.5, 0, 34.03, 23.65, 34.03, 0.28, 0.01, 0.11, 3.64, 1, 
40, 12, eco5, 4, 55597, 9.3, 7.2, 1.5, 0.1, 1.4, 0, 33.04, 22.66, 33.04, 0.28, 0.02, 0.13, 3.92, 0.99, 
40, 12, eco6, 5, 18055, 6.5, 5.5, 1.4, 0, 1.4, 0, 11.19, 7.79, 11.19, 0.27, 0, 0.08, 2.31, 1, 
40, 12, eco8, 6, 48574, 8.5, 4.3, 1.3, 0, 1.3, 0, 26.57, 18.57, 26.57, 0.28, 0, 0.09, 2.87, 1, 
40, 12, eco9, 7, 25523, 10.2, 4.1, 1.2, 0, 1.2, 0, 31.88, 22.35, 31.88, 0.28, 0.01, 0.1, 3.06, 1, 
40, 12, eco10, 8, 47012, 10.5, 6.9, 1.5, 0.1, 1.5, 0, 35.49, 24.48, 35.49, 0.28, 0.03, 0.13, 4.18, 0.99, 
40, 12, eco11, 9, 38983, 7.5, 4.6, 1.3, 0, 1.3, 0, 21.9, 15.29, 21.9, 0.27, 0, 0.09, 2.8, 1, 
40, 1, eco1, 0, 18535, 14.9, 0.3, 0, 0, 0, 0, 29.53, 20.65, 29.53, 0.29, 0.03, 0.12, 3.74, 1, 
40, 1, eco2, 1, 37697, 14.9, 1.8, 0.3, 0, 0.3, 0, 31.15, 21.71, 31.15, 0.29, 0.03, 0.12, 3.95, 1, 
40, 1, eco3, 2, 46903, 9.8, 1.6, 0.2, 0, 0.2, 0, 21.78, 15.14, 21.78, 0.28, 0.01, 0.1, 3.37, 1, 
40, 1, eco4, 3, 42605, 13.7, 1.7, 0.3, 0, 0.3, 0, 28.58, 19.91, 28.58, 0.28, 0.03, 0.12, 4.02, 1, 
40, 1, eco5, 4, 55597, 10.8, 2.9, 0.4, 0, 0.4, 0, 24.11, 16.57, 24.11, 0.28, 0.01, 0.11, 3.69, 0.99, 
40, 1, eco6, 5, 18055, 6.9, 1.2, 0.2, 0, 0.2, 0, 10.46, 7.29, 10.46, 0.27, 0, 0.08, 2.3, 1, 
40, 1, eco8, 6, 48574, 9, 0, 0, 0, 0, 0, 0.96, 0.67, 0.96, 0.28, 0, 0.09, 2.82, 1, 
40, 1, eco9, 7, 25523, 11.9, -0.1, 0, 0, 0, 0, 1.01, 0.7, 1.01, 0.28, 0.01, 0.1, 3.07, 1, 
40, 1, eco10, 8, 47012, 12.9, 2.5, 0.4, 0, 0.4, 0, 25.11, 17.36, 25.11, 0.28, 0.02, 0.11, 3.9, 0.99, 
40, 1, eco11, 9, 38983, 7.7, 0.3, 0, 0, 0, 0, 17.61, 12.31, 17.61, 0.27, 0, 0.09, 2.72, 1, 
40, 2, eco1, 0, 18535, 14, 4.6, 1.4, 0, 1.4, 0, 39.54, 27.61, 39.54, 0.29, 0.19, 0.2, 5.65, 0.99, 
40, 2, eco2, 1, 37697, 12.5, 6.2, 1.7, 0, 1.7, 0, 41.43, 28.88, 41.43, 0.28, 0.16, 0.19, 5.81, 0.99, 
40, 2, eco3, 2, 46903, 9.4, 6.3, 1.6, 0, 1.6, 0, 36.46, 25.28, 36.46, 0.28, 0.08, 0.16, 5.25, 0.99, 
40, 2, eco4, 3, 42605, 12.3, 6.5, 1.7, 0, 1.7, 0, 40.45, 28.16, 40.45, 0.28, 0.15, 0.2, 6, 0.99, 
40, 2, eco5, 4, 55597, 9.7, 7.7, 1.7, 0, 1.7, 0, 35.35, 24.31, 35.35, 0.28, 0.13, 0.2, 5.86, 0.99, 
40, 2, eco6, 5, 18055, 7.5, 5.8, 1.6, 0, 1.6, 0, 28.23, 19.6, 28.23, 0.27, 0.02, 0.15, 4.05, 1, 
40, 2, eco8, 6, 48574, 8.9, 4.4, 1.3, 0, 1.3, 0, 37.92, 26.47, 37.92, 0.28, 0.06, 0.15, 4.67, 0.99, 
40, 2, eco9, 7, 25523, 11.7, 4.3, 1.4, 0, 1.4, 0, 40.45, 28.3, 40.45, 0.28, 0.12, 0.18, 5.03, 0.99, 
40, 2, eco10, 8, 47012, 11.9, 7.4, 1.8, 0, 1.8, 0, 37.99, 26.26, 37.99, 0.28, 0.16, 0.21, 6.5, 0.99, 
40, 2, eco11, 9, 38983, 7.9, 4.8, 1.4, 0, 1.4, 0, 35.76, 24.94, 35.76, 0.28, 0.04, 0.15, 4.52, 1, 
40, 3, eco1, 0, 18535, 16.1, 4.3, 1.5, 0, 1.5, 0, 38.55, 26.98, 38.55, 0.29, 0.23, 0.22, 5.93, 0.99, 
40, 3, eco2, 1, 37697, 16.7, 6.1, 1.9, 0, 1.9, 0, 40.88, 28.57, 40.88, 0.29, 0.2, 0.2, 6.19, 0.99, 
40, 3, eco3, 2, 46903, 13.5, 5.8, 1.7, 0, 1.7, 0, 35.36, 24.58, 35.36, 0.28, 0.13, 0.19, 5.85, 0.99, 
40, 3, eco4, 3, 42605, 15.1, 6.2, 1.9, 0, 1.9, 0, 39.38, 27.49, 39.38, 0.29, 0.18, 0.2, 6.23, 0.99, 
40, 3, eco5, 4, 55597, 15.7, 7.7, 2.1, 0, 2.1, 0, 35.25, 24.32, 35.25, 0.29, 0.18, 0.23, 6.19, 0.99, 
40, 3, eco6, 5, 18055, 11.4, 5.2, 1.6, 0, 1.6, 0, 27.65, 19.24, 27.65, 0.28, 0.07, 0.18, 4.76, 0.99, 
40, 3, eco8, 6, 48574, 13.4, 3.6, 1.3, 0, 1.3, 0, 36.67, 25.65, 36.67, 0.28, 0.11, 0.18, 5.26, 0.99, 
40, 3, eco9, 7, 25523, 15, 3.6, 1.3, 0, 1.3, 0, 38.55, 27.02, 38.55, 0.29, 0.17, 0.2, 5.43, 0.99, 
40, 3, eco10, 8, 47012, 14.4, 7.2, 2, 0, 2, 0, 37.3, 25.87, 37.3, 0.29, 0.16, 0.21, 6.07, 0.99, 
40, 3, eco11, 9, 38983, 12.6, 4, 1.3, 0, 1.3, 0, 34.28, 23.95, 34.28, 0.28, 0.1, 0.18, 5.24, 0.99, 
40, 4, eco1, 0, 18535, 6.4, 12.2, 5.7, 0, 5.7, 61.49, 61.86, 49.81, 0.36, 0.27, 0.27, 0.22, 4.8, 1, 
40, 4, eco2, 1, 37697, 5.3, 13.6, 6, 0.2, 5.8, 81.39, 62.22, 52.24, -19.17, 0.27, 0.11, 0.15, 3.72, 1, 
40, 4, eco3, 2, 46903, 4.6, 13.7, 6, 0.2, 5.7, 66.78, 49.55, 41.69, -17.23, 0.27, 0.08, 0.15, 3.45, 1, 
40, 4, eco4, 3, 42605, 5.7, 13.8, 6, 0.1, 5.9, 80.49, 59.55, 50.27, -20.94, 0.27, 0.11, 0.16, 3.75, 1, 
40, 4, eco5, 4, 55597, 5, 15.5, 6.5, 2, 4.4, 39.22, 24.21, 21.12, -15.01, 0.27, 0.01, 0.11, 2.66, 1, 
40, 4, eco6, 5, 18055, 4.2, 13.3, 5.9, 0.4, 5.5, 46.62, 34.67, 29.19, -11.95, 0.27, 0.05, 0.16, 2.88, 1, 
40, 4, eco8, 6, 48574, 4.7, 11.9, 5.5, 0, 5.5, 58.23, 59.53, 47.78, 1.29, 0.27, 0.17, 0.2, 4.32, 1, 
40, 4, eco9, 7, 25523, 5.6, 11.6, 5.6, 0, 5.5, 57.25, 62.31, 49.71, 5.06, 0.27, 0.25, 0.23, 4.78, 1, 
40, 4, eco10, 8, 47012, 5.4, 14.9, 6.3, 2.1, 4.2, 41.45, 28.15, 24.24, -13.3, 0.27, 0.01, 0.1, 2.71, 1, 
40, 4, eco11, 9, 38983, 4.5, 12.2, 5.6, 0, 5.6, 59.41, 54.86, 44.6, -4.55, 0.27, 0.12, 0.18, 3.82, 1, 
40, 5, eco1, 0, 18535, 13.6, 14.9, 8.2, 0.1, 8.1, 104.21, 58.62, 52.41, -45.59, 0.28, 0.12, 0.15, 3.15, 1, 
40, 5, eco2, 1, 37697, 12.5, 16.5, 8.6, 1.1, 7.5, 90.37, 42.16, 39.62, -48.21, 0.28, 0.04, 0.12, 2.86, 1, 
40, 5, eco3, 2, 46903, 9.8, 17, 8.8, 2.7, 6.1, 46.13, 19.94, 19.08, -26.19, 0.28, 0.02, 0.12, 2.87, 1, 
40, 5, eco4, 3, 42605, 11.5, 16.8, 8.7, 1.4, 7.3, 78.51, 34.89, 33.21, -43.62, 0.28, 0.04, 0.12, 2.81, 1, 
40, 5, eco5, 4, 55597, 10.2, 18.8, 9.5, 3.4, 6.1, 45.49, 16.61, 16.7, -28.87, 0.28, 0.02, 0.11, 2.61, 1, 
40, 5, eco6, 5, 18055, 7.8, 16.7, 8.8, 4.3, 4.5, 15.57, 8.37, 7.63, -7.2, 0.28, 0, 0.12, 2.51, 1, 
40, 5, eco8, 6, 48574, 11.6, 15.2, 8.3, 0.5, 7.8, 80.27, 47.39, 41.91, -32.88, 0.28, 0.07, 0.15, 2.9, 1, 
40, 5, eco9, 7, 25523, 11.3, 14.7, 8.1, 0.5, 7.6, 79.75, 50.07, 43.72, -29.67, 0.28, 0.08, 0.15, 2.78, 1, 
40, 5, eco10, 8, 47012, 11, 18, 9.2, 2.8, 6.4, 58, 23.1, 22.83, -34.89, 0.28, 0.02, 0.11, 2.67, 1, 
40, 5, eco11, 9, 38983, 11, 15.6, 8.5, 0.9, 7.5, 64.24, 34.33, 31.11, -29.91, 0.28, 0.05, 0.14, 2.8, 1, 
40, 6, eco1, 0, 18535, 16.6, 18, 10.2, 0.3, 9.9, 133.45, 57.4, 55.25, -76.04, 0.29, 0.1, 0.16, 2.84, 1, 
40, 6, eco2, 1, 37697, 15.3, 19.9, 11, 1.6, 9.5, 106.8, 42.27, 41.81, -64.53, 0.29, 0.05, 0.13, 2.71, 1, 
40, 6, eco3, 2, 46903, 13.9, 20.4, 11.4, 2.4, 9, 81.82, 29.49, 29.92, -52.32, 0.28, 0.05, 0.14, 2.85, 1, 
40, 6, eco4, 3, 42605, 15.6, 20.1, 11.1, 1.2, 9.9, 109.38, 42.68, 42.39, -66.7, 0.29, 0.06, 0.14, 2.74, 1, 
40, 6, eco5, 4, 55597, 15.1, 22.3, 12.5, 2.7, 9.8, 89.17, 31.74, 32.18, -57.43, 0.29, 0.06, 0.14, 2.63, 1, 
40, 6, eco6, 5, 18055, 12.2, 20, 11.2, 3.3, 7.9, 49.88, 17.2, 17.88, -32.68, 0.28, 0.04, 0.15, 2.51, 1, 
40, 6, eco8, 6, 48574, 13.3, 18.4, 10.5, 1.6, 8.9, 88.13, 36.95, 35.65, -51.18, 0.28, 0.05, 0.14, 2.59, 1, 
40, 6, eco9, 7, 25523, 14.6, 17.8, 10.2, 0.9, 9.3, 105.23, 46.94, 44.45, -58.29, 0.29, 0.08, 0.15, 2.55, 1, 
40, 6, eco10, 8, 47012, 15, 21.3, 11.8, 2.2, 9.6, 95.59, 35.31, 35.76, -60.28, 0.29, 0.04, 0.13, 2.68, 1, 
40, 6, eco11, 9, 38983, 12, 18.9, 10.7, 2.7, 8, 65.66, 25.07, 24.91, -40.59, 0.28, 0.04, 0.14, 2.66, 1, 
